{
  "/api/getevents/ST001-73" : {
    "transaction" : "/api/getevents/ST001-73",
    "sampleCount" : 100,
    "errorCount" : 0,
    "errorPct" : 0.0,
    "meanResTime" : 245.09,
    "medianResTime" : 134.0,
    "minResTime" : 35.0,
    "maxResTime" : 1024.0,
    "pct1ResTime" : 549.0,
    "pct2ResTime" : 673.4499999999996,
    "pct3ResTime" : 1023.9399999999999,
    "throughput" : 1.763108713283261,
    "receivedKBytesPerSec" : 0.7713600620614267,
    "sentKBytesPerSec" : 0.8590678334038576
  },
  "/api/studentAttendancebystudentid/ST001-70" : {
    "transaction" : "/api/studentAttendancebystudentid/ST001-70",
    "sampleCount" : 100,
    "errorCount" : 0,
    "errorPct" : 0.0,
    "meanResTime" : 279.61,
    "medianResTime" : 125.0,
    "minResTime" : 35.0,
    "maxResTime" : 4454.0,
    "pct1ResTime" : 604.5,
    "pct2ResTime" : 767.3999999999994,
    "pct3ResTime" : 4418.919999999982,
    "throughput" : 1.75703693291633,
    "receivedKBytesPerSec" : 1.1598159613627579,
    "sentKBytesPerSec" : 0.8338032492005482
  },
  "/api/examstatus/ST001-554" : {
    "transaction" : "/api/examstatus/ST001-554",
    "sampleCount" : 100,
    "errorCount" : 98,
    "errorPct" : 98.0,
    "meanResTime" : 249.75000000000009,
    "medianResTime" : 171.0,
    "minResTime" : 33.0,
    "maxResTime" : 1080.0,
    "pct1ResTime" : 605.4000000000001,
    "pct2ResTime" : 707.3999999999996,
    "pct3ResTime" : 1077.8199999999988,
    "throughput" : 1.7831033130059557,
    "receivedKBytesPerSec" : 0.9027308784458471,
    "sentKBytesPerSec" : 0.8148294573125067
  },
  "/api/collegestudent/ST001-558" : {
    "transaction" : "/api/collegestudent/ST001-558",
    "sampleCount" : 100,
    "errorCount" : 0,
    "errorPct" : 0.0,
    "meanResTime" : 218.8700000000001,
    "medianResTime" : 114.5,
    "minResTime" : 34.0,
    "maxResTime" : 1059.0,
    "pct1ResTime" : 601.7000000000002,
    "pct2ResTime" : 707.75,
    "pct3ResTime" : 1058.1899999999996,
    "throughput" : 1.813762832372039,
    "receivedKBytesPerSec" : 2.5741970698661443,
    "sentKBytesPerSec" : 0.8359250303805275
  },
  "/api/timetabledataa/ghj-78" : {
    "transaction" : "/api/timetabledataa/ghj-78",
    "sampleCount" : 100,
    "errorCount" : 0,
    "errorPct" : 0.0,
    "meanResTime" : 202.58000000000004,
    "medianResTime" : 132.0,
    "minResTime" : 34.0,
    "maxResTime" : 869.0,
    "pct1ResTime" : 500.9,
    "pct2ResTime" : 578.7999999999995,
    "pct3ResTime" : 867.4299999999992,
    "throughput" : 1.760656372695741,
    "receivedKBytesPerSec" : 0.7823228999771115,
    "sentKBytesPerSec" : 0.2665056032889061
  },
  "/api/collegeexambysectionid/ghj-555" : {
    "transaction" : "/api/collegeexambysectionid/ghj-555",
    "sampleCount" : 100,
    "errorCount" : 0,
    "errorPct" : 0.0,
    "meanResTime" : 219.25000000000009,
    "medianResTime" : 132.5,
    "minResTime" : 35.0,
    "maxResTime" : 1154.0,
    "pct1ResTime" : 481.8,
    "pct2ResTime" : 640.8499999999999,
    "pct3ResTime" : 1153.4799999999998,
    "throughput" : 1.7937219730941705,
    "receivedKBytesPerSec" : 1.9356081838565022,
    "sentKBytesPerSec" : 0.8355521300448431
  },
  "/api/collegestudent/ST001-63" : {
    "transaction" : "/api/collegestudent/ST001-63",
    "sampleCount" : 100,
    "errorCount" : 0,
    "errorPct" : 0.0,
    "meanResTime" : 245.55999999999997,
    "medianResTime" : 140.5,
    "minResTime" : 35.0,
    "maxResTime" : 1066.0,
    "pct1ResTime" : 558.3000000000001,
    "pct2ResTime" : 687.6999999999997,
    "pct3ResTime" : 1065.4299999999996,
    "throughput" : 1.7102787754403967,
    "receivedKBytesPerSec" : 2.427326513596716,
    "sentKBytesPerSec" : 0.7882314114075595
  },
  "/api/collegestudent/ST001-556" : {
    "transaction" : "/api/collegestudent/ST001-556",
    "sampleCount" : 100,
    "errorCount" : 0,
    "errorPct" : 0.0,
    "meanResTime" : 237.53000000000017,
    "medianResTime" : 76.5,
    "minResTime" : 35.0,
    "maxResTime" : 3020.0,
    "pct1ResTime" : 548.3000000000001,
    "pct2ResTime" : 728.4999999999999,
    "pct3ResTime" : 3001.5699999999906,
    "throughput" : 1.8041097620379225,
    "receivedKBytesPerSec" : 2.560496874379837,
    "sentKBytesPerSec" : 0.8314761338829854
  },
  "/api/collegebirthdaystudent/ghj-76" : {
    "transaction" : "/api/collegebirthdaystudent/ghj-76",
    "sampleCount" : 100,
    "errorCount" : 0,
    "errorPct" : 0.0,
    "meanResTime" : 229.44999999999996,
    "medianResTime" : 99.0,
    "minResTime" : 39.0,
    "maxResTime" : 1017.0,
    "pct1ResTime" : 675.9000000000003,
    "pct2ResTime" : 798.5499999999995,
    "pct3ResTime" : 1016.4199999999997,
    "throughput" : 1.7687532058651856,
    "receivedKBytesPerSec" : 1.0087420627199888,
    "sentKBytesPerSec" : 0.8239211710914977
  },
  "/api/collegestudent/ST001-553" : {
    "transaction" : "/api/collegestudent/ST001-553",
    "sampleCount" : 100,
    "errorCount" : 0,
    "errorPct" : 0.0,
    "meanResTime" : 248.54,
    "medianResTime" : 141.0,
    "minResTime" : 34.0,
    "maxResTime" : 1049.0,
    "pct1ResTime" : 621.6000000000004,
    "pct2ResTime" : 724.0999999999998,
    "pct3ResTime" : 1048.4199999999996,
    "throughput" : 1.7731125217206283,
    "receivedKBytesPerSec" : 2.5165037988935777,
    "sentKBytesPerSec" : 0.8171901596687825
  },
  "/api/createstatus-559" : {
    "transaction" : "/api/createstatus-559",
    "sampleCount" : 100,
    "errorCount" : 0,
    "errorPct" : 0.0,
    "meanResTime" : 25.960000000000008,
    "medianResTime" : 15.0,
    "minResTime" : 11.0,
    "maxResTime" : 277.0,
    "pct1ResTime" : 23.700000000000017,
    "pct2ResTime" : 65.34999999999962,
    "pct3ResTime" : 276.98,
    "throughput" : 1.838945181044153,
    "receivedKBytesPerSec" : 0.8332720351606319,
    "sentKBytesPerSec" : 0.9284518150388937
  },
  "Total" : {
    "transaction" : "Total",
    "sampleCount" : 1800,
    "errorCount" : 98,
    "errorPct" : 5.4444447,
    "meanResTime" : 246.41833333333346,
    "medianResTime" : 116.5,
    "minResTime" : 11.0,
    "maxResTime" : 4454.0,
    "pct1ResTime" : 593.0,
    "pct2ResTime" : 713.8999999999996,
    "pct3ResTime" : 1080.0,
    "throughput" : 28.21228174665371,
    "receivedKBytesPerSec" : 35.602515889000344,
    "sentKBytesPerSec" : 13.228027481505283
  },
  "/api/auth/login-62" : {
    "transaction" : "/api/auth/login-62",
    "sampleCount" : 100,
    "errorCount" : 0,
    "errorPct" : 0.0,
    "meanResTime" : 583.16,
    "medianResTime" : 440.0,
    "minResTime" : 281.0,
    "maxResTime" : 3301.0,
    "pct1ResTime" : 962.7000000000002,
    "pct2ResTime" : 1171.0499999999981,
    "pct3ResTime" : 3299.459999999999,
    "throughput" : 1.6825952348902948,
    "receivedKBytesPerSec" : 1.5836441752759456,
    "sentKBytesPerSec" : 0.9282536133732668
  },
  "/api/collegeexambyexamid/Exam%20-%202-562" : {
    "transaction" : "/api/collegeexambyexamid/Exam%20-%202-562",
    "sampleCount" : 100,
    "errorCount" : 0,
    "errorPct" : 0.0,
    "meanResTime" : 224.98000000000005,
    "medianResTime" : 101.5,
    "minResTime" : 34.0,
    "maxResTime" : 2914.0,
    "pct1ResTime" : 510.2000000000001,
    "pct2ResTime" : 707.8499999999997,
    "pct3ResTime" : 2893.2299999999896,
    "throughput" : 1.8718529472324654,
    "receivedKBytesPerSec" : 2.0235754029163466,
    "sentKBytesPerSec" : 0.8993668457405986
  },
  "Exam Module" : {
    "transaction" : "Exam Module",
    "sampleCount" : 100,
    "errorCount" : 98,
    "errorPct" : 98.0,
    "meanResTime" : 2088.590000000001,
    "medianResTime" : 1619.0,
    "minResTime" : 553.0,
    "maxResTime" : 10222.0,
    "pct1ResTime" : 4963.1,
    "pct2ResTime" : 5562.65,
    "pct3ResTime" : 10182.09999999998,
    "throughput" : 1.6958350291683626,
    "receivedKBytesPerSec" : 16.960403841914257,
    "sentKBytesPerSec" : 8.377524409425451
  },
  "/api/collegeannouncement-67" : {
    "transaction" : "/api/collegeannouncement-67",
    "sampleCount" : 100,
    "errorCount" : 0,
    "errorPct" : 0.0,
    "meanResTime" : 265.38000000000005,