{
  "/api/getevents/ST001-73" : {
    "transaction" : "/api/getevents/ST001-73",
    "sampleCount" : 300,
    "errorCount" : 110,
    "errorPct" : 36.666668,
    "meanResTime" : 3717.9466666666694,
    "medianResTime" : 867.5,
    "minResTime" : 1.0,
    "maxResTime" : 26259.0,
    "pct1ResTime" : 15534.200000000003,
    "pct2ResTime" : 18373.949999999997,
    "pct3ResTime" : 24753.70000000001,
    "throughput" : 7.657358721731584,
    "receivedKBytesPerSec" : 8.024323679743734,
    "sentKBytesPerSec" : 2.3368902828117823
  },
  "/api/collegebirthdaystudent/ghj-76" : {
    "transaction" : "/api/collegebirthdaystudent/ghj-76",
    "sampleCount" : 300,
    "errorCount" : 77,
    "errorPct" : 25.666666,
    "meanResTime" : 979.6866666666668,
    "medianResTime" : 839.0,
    "minResTime" : 1.0,
    "maxResTime" : 8756.0,
    "pct1ResTime" : 1639.400000000001,
    "pct2ResTime" : 3138.2999999999993,
    "pct3ResTime" : 7539.99,
    "throughput" : 13.588802826470987,
    "receivedKBytesPerSec" : 12.277474506839697,
    "sentKBytesPerSec" : 4.686986881143271
  },
  "Total" : {
    "transaction" : "Total",
    "sampleCount" : 2700,
    "errorCount" : 878,
    "errorPct" : 32.51852,
    "meanResTime" : 6222.104814814809,
    "medianResTime" : 1995.5,
    "minResTime" : 1.0,
    "maxResTime" : 33219.0,
    "pct1ResTime" : 18944.9,
    "pct2ResTime" : 23451.54999999999,
    "pct3ResTime" : 28461.869999999995,
    "throughput" : 41.74397031539888,
    "receivedKBytesPerSec" : 1026.2195254522262,
    "sentKBytesPerSec" : 12.922784525742113
  },
  "/api/studentAttendancebystudentid/ST001-70" : {
    "transaction" : "/api/studentAttendancebystudentid/ST001-70",
    "sampleCount" : 300,
    "errorCount" : 127,
    "errorPct" : 42.333332,
    "meanResTime" : 4930.6766666666645,
    "medianResTime" : 1149.0,
    "minResTime" : 1.0,
    "maxResTime" : 27952.0,
    "pct1ResTime" : 19595.200000000044,
    "pct2ResTime" : 23625.149999999998,
    "pct3ResTime" : 25729.32,
    "throughput" : 5.842714135473065,
    "receivedKBytesPerSec" : 7.108045934688194,
    "sentKBytesPerSec" : 1.5797580690316677
  },
  "/api/auth/login-61" : {
    "transaction" : "/api/auth/login-61",
    "sampleCount" : 300,
    "errorCount" : 37,
    "errorPct" : 12.333333,
    "meanResTime" : 11027.286666666667,
    "medianResTime" : 13760.0,
    "minResTime" : 63.0,
    "maxResTime" : 19659.0,
    "pct1ResTime" : 18714.4,
    "pct2ResTime" : 19055.95,
    "pct3ResTime" : 19515.56,
    "throughput" : 9.205277692543724,
    "receivedKBytesPerSec" : 4.390785612918073,
    "sentKBytesPerSec" : 4.629607433261736
  },
  "/api/auth/login-62" : {
    "transaction" : "/api/auth/login-62",
    "sampleCount" : 300,
    "errorCount" : 126,
    "errorPct" : 42.0,
    "meanResTime" : 5025.300000000001,
    "medianResTime" : 3366.5,
    "minResTime" : 1.0,
    "maxResTime" : 33219.0,
    "pct1ResTime" : 12411.500000000007,
    "pct2ResTime" : 15719.699999999997,
    "pct3ResTime" : 18604.390000000003,
    "throughput" : 6.592971891963167,
    "receivedKBytesPerSec" : 9.23256433641738,
    "sentKBytesPerSec" : 2.078545988726018
  },
  "/api/collegeannouncement-67" : {
    "transaction" : "/api/collegeannouncement-67",
    "sampleCount" : 300,
    "errorCount" : 106,
    "errorPct" : 35.333332,
    "meanResTime" : 7896.24666666667,
    "medianResTime" : 4026.5,
    "minResTime" : 1.0,
    "maxResTime" : 28462.0,
    "pct1ResTime" : 21962.7,
    "pct2ResTime" : 23283.45,
    "pct3ResTime" : 26586.85,
    "throughput" : 5.22866703848299,
    "receivedKBytesPerSec" : 29.948518054151563,
    "sentKBytesPerSec" : 1.5499627729799916
  },
  "/api/timetabledataa/ghj-78" : {
    "transaction" : "/api/timetabledataa/ghj-78",
    "sampleCount" : 300,
    "errorCount" : 114,
    "errorPct" : 38.0,
    "meanResTime" : 1717.193333333333,
    "medianResTime" : 547.0,
    "minResTime" : 1.0,
    "maxResTime" : 23306.0,
    "pct1ResTime" : 3742.800000000006,
    "pct2ResTime" : 8181.75,
    "pct3ResTime" : 22742.47,
    "throughput" : 11.040370956464137,
    "receivedKBytesPerSec" : 11.767986029330586,
    "sentKBytesPerSec" : 1.024325042321422
  },
  "/api/event/ST001-68" : {
    "transaction" : "/api/event/ST001-68",
    "sampleCount" : 300,
    "errorCount" : 123,
    "errorPct" : 41.0,
    "meanResTime" : 6188.206666666667,
    "medianResTime" : 4921.5,
    "minResTime" : 1.0,
    "maxResTime" : 32993.0,
    "pct1ResTime" : 18526.900000000005,
    "pct2ResTime" : 22948.8,
    "pct3ResTime" : 24655.480000000003,
    "throughput" : 5.195434944495436,
    "receivedKBytesPerSec" : 26.16023262559964,
    "sentKBytesPerSec" : 1.4982031101172435
  },
  "/api/collegestudent/ST001-63" : {
    "transaction" : "/api/collegestudent/ST001-63",
    "sampleCount" : 300,
    "errorCount" : 58,
    "errorPct" : 19.333334,
    "meanResTime" : 14516.400000000007,
    "medianResTime" : 11499.0,
    "minResTime" : 9.0,
    "maxResTime" : 31467.0,
    "pct1ResTime" : 27799.300000000003,
    "pct2ResTime" : 29924.35,
    "pct3ResTime" : 30923.730000000003,
    "throughput" : 4.97223833595757,
    "receivedKBytesPerSec" : 1016.2195968343416,
    "sentKBytesPerSec" : 1.8391940571393055
  }
}