{
  "/api/getevents/ST001-73" : {
    "transaction" : "/api/getevents/ST001-73",
    "sampleCount" : 200,
    "errorCount" : 45,
    "errorPct" : 22.5,
    "meanResTime" : 2376.309999999999,
    "medianResTime" : 1518.5,
    "minResTime" : 1.0,
    "maxResTime" : 10407.0,
    "pct1ResTime" : 6798.800000000003,
    "pct2ResTime" : 8875.1,
    "pct3ResTime" : 9784.87,
    "throughput" : 3.580956473474065,
    "receivedKBytesPerSec" : 2.875256262197633,
    "sentKBytesPerSec" : 1.3522132269341642
  },
  "/api/studentAttendancebystudentid/ST001-70" : {
    "transaction" : "/api/studentAttendancebystudentid/ST001-70",
    "sampleCount" : 200,
    "errorCount" : 50,
    "errorPct" : 25.0,
    "meanResTime" : 2404.9749999999985,
    "medianResTime" : 1568.0,
    "minResTime" : 1.0,
    "maxResTime" : 12355.0,
    "pct1ResTime" : 6306.9000000000015,
    "pct2ResTime" : 8522.849999999997,
    "pct3ResTime" : 9413.97,
    "throughput" : 3.6288420365061507,
    "receivedKBytesPerSec" : 3.6664948164259537,
    "sentKBytesPerSec" : 1.2915346486373698
  },
  "/api/examstatus/ST001-554" : {
    "transaction" : "/api/examstatus/ST001-554",
    "sampleCount" : 200,
    "errorCount" : 33,
    "errorPct" : 16.5,
    "meanResTime" : 1892.8699999999994,
    "medianResTime" : 1037.5,
    "minResTime" : 4.0,
    "maxResTime" : 10439.0,
    "pct1ResTime" : 4722.5,
    "pct2ResTime" : 7666.749999999997,
    "pct3ResTime" : 9401.260000000002,
    "throughput" : 3.586736249349904,
    "receivedKBytesPerSec" : 6.691224601423934,
    "sentKBytesPerSec" : 1.3685640501425727
  },
  "/api/collegestudent/ST001-558" : {
    "transaction" : "/api/collegestudent/ST001-558",
    "sampleCount" : 200,
    "errorCount" : 17,
    "errorPct" : 8.5,
    "meanResTime" : 1574.3249999999998,
    "medianResTime" : 883.0,
    "minResTime" : 6.0,
    "maxResTime" : 9779.0,
    "pct1ResTime" : 4048.2000000000003,
    "pct2ResTime" : 5882.599999999997,
    "pct3ResTime" : 8841.120000000003,
    "throughput" : 4.219765381044814,
    "receivedKBytesPerSec" : 6.217004236908178,
    "sentKBytesPerSec" : 1.7794099515254451
  },
  "/api/timetabledataa/ghj-78" : {
    "transaction" : "/api/timetabledataa/ghj-78",
    "sampleCount" : 200,
    "errorCount" : 37,
    "errorPct" : 18.5,
    "meanResTime" : 2254.850000000001,
    "medianResTime" : 1465.0,
    "minResTime" : 2.0,
    "maxResTime" : 13394.0,
    "pct1ResTime" : 6481.9,
    "pct2ResTime" : 8492.649999999998,
    "pct3ResTime" : 9766.92,
    "throughput" : 3.60555255092843,
    "receivedKBytesPerSec" : 2.677756557598702,
    "sentKBytesPerSec" : 0.4428949488462232
  },
  "/api/collegeexambysectionid/ghj-555" : {
    "transaction" : "/api/collegeexambysectionid/ghj-555",
    "sampleCount" : 200,
    "errorCount" : 23,
    "errorPct" : 11.5,
    "meanResTime" : 1933.0650000000007,
    "medianResTime" : 1010.0,
    "minResTime" : 5.0,
    "maxResTime" : 10408.0,
    "pct1ResTime" : 5097.700000000001,
    "pct2ResTime" : 8076.249999999996,
    "pct3ResTime" : 10366.880000000001,
    "throughput" : 3.7180941049617964,
    "receivedKBytesPerSec" : 4.22620942629808,
    "sentKBytesPerSec" : 1.5307182834953803
  },
  "/api/collegestudent/ST001-63" : {
    "transaction" : "/api/collegestudent/ST001-63",
    "sampleCount" : 200,
    "errorCount" : 19,
    "errorPct" : 9.5,
    "meanResTime" : 3404.6099999999988,
    "medianResTime" : 2554.5,
    "minResTime" : 4.0,
    "maxResTime" : 10398.0,
    "pct1ResTime" : 7242.700000000001,
    "pct2ResTime" : 7941.999999999998,
    "pct3ResTime" : 10119.930000000004,
    "throughput" : 3.5861574323112784,
    "receivedKBytesPerSec" : 5.308703716155639,
    "sentKBytesPerSec" : 1.4957148220369374
  },
  "/api/collegestudent/ST001-556" : {
    "transaction" : "/api/collegestudent/ST001-556",
    "sampleCount" : 200,
    "errorCount" : 29,
    "errorPct" : 14.5,
    "meanResTime" : 1771.4549999999995,
    "medianResTime" : 980.5,
    "minResTime" : 3.0,
    "maxResTime" : 9783.0,
    "pct1ResTime" : 4788.200000000002,
    "pct2ResTime" : 8004.149999999993,
    "pct3ResTime" : 9531.500000000005,
    "throughput" : 3.8449707782220854,
    "receivedKBytesPerSec" : 5.815386882161258,
    "sentKBytesPerSec" : 1.5150273773934944
  },
  "/api/collegebirthdaystudent/ghj-76" : {
    "transaction" : "/api/collegebirthdaystudent/ghj-76",
    "sampleCount" : 200,
    "errorCount" : 51,
    "errorPct" : 25.5,
    "meanResTime" : 2014.7599999999986,
    "medianResTime" : 1092.0,
    "minResTime" : 3.0,
    "maxResTime" : 11207.0,
    "pct1ResTime" : 6239.400000000001,
    "pct2ResTime" : 7836.8499999999985,
    "pct3ResTime" : 9752.530000000002,
    "throughput" : 3.5801872437928504,
    "receivedKBytesPerSec" : 3.3924896342391206,
    "sentKBytesPerSec" : 1.24161522944525
  },
  "/api/collegestudent/ST001-553" : {
    "transaction" : "/api/collegestudent/ST001-553",
    "sampleCount" : 200,
    "errorCount" : 28,
    "errorPct" : 14.0,
    "meanResTime" : 2297.3149999999987,
    "medianResTime" : 1282.0,
    "minResTime" : 1.0,
    "maxResTime" : 13040.0,
    "pct1ResTime" : 7186.5000000000055,
    "pct2ResTime" : 8521.95,
    "pct3ResTime" : 10432.69,
    "throughput" : 3.583844031107766,
    "receivedKBytesPerSec" : 5.409539576837616,
    "sentKBytesPerSec" : 1.4204306828566822
  },
  "/api/createstatus-559" : {
    "transaction" : "/api/createstatus-559",
    "sampleCount" : 200,
    "errorCount" : 20,
    "errorPct" : 10.0,
    "meanResTime" : 710.4849999999994,
    "medianResTime" : 139.5,
    "minResTime" : 3.0,
    "maxResTime" : 7967.0,
    "pct1ResTime" : 2534.1000000000017,
    "pct2ResTime" : 4808.9,
    "pct3ResTime" : 7716.2400000000025,
    "throughput" : 4.208045783538124,
    "receivedKBytesPerSec" : 2.5835716248842786,
    "sentKBytesPerSec" : 1.9121129912893453
  },
  "Total" : {
    "transaction" : "Total",
    "sampleCount" : 3600,
    "errorCount" : 510,
    "errorPct" : 14.166667,
    "meanResTime" : 2209.600833333327,
    "medianResTime" : 1052.0,
    "minResTime" : 1.0,
    "maxResTime" : 25929.0,
    "pct1ResTime" : 6592.6,
    "pct2ResTime" : 8537.199999999997,
    "pct3ResTime" : 10367.329999999964,
    "throughput" : 53.1624259787055,
    "receivedKBytesPerSec" : 75.31955140511245,
    "sentKBytesPerSec" : 21.44957656958371
  },
  "/api/auth/login-62" : {
    "transaction" : "/api/auth/login-62",
    "sampleCount" : 200,
    "errorCount" : 0,
    "errorPct" : 0.0,
    "meanResTime" : 5492.215,
    "medianResTime" : 5545.5,
    "minResTime" : 641.0,
    "maxResTime" : 14610.0,
    "pct1ResTime" : 9690.800000000001,
    "pct2ResTime" : 11263.249999999996,
    "pct3ResTime" : 13729.730000000007,
    "throughput" : 3.664950248300379,
    "receivedKBytesPerSec" : 3.4493302017096994,
    "sentKBytesPerSec" : 2.0218607124205166
  },
  "/api/collegeexambyexamid/Exam%20-%202-562" : {
    "transaction" : "/api/collegeexambyexamid/Exam%20-%202-562",
    "sampleCount" : 200,
    "errorCount" : 20,
    "errorPct" : 10.0,
    "meanResTime" : 983.7099999999997,
    "medianResTime" : 661.5,
    "minResTime" : 8.0,
    "maxResTime" : 9779.0,
    "pct1ResTime" : 1520.5,
    "pct2ResTime" : 5384.0,
    "pct3ResTime" : 9754.980000000009,
    "throughput" : 5.141388174807197,
    "receivedKBytesPerSec" : 5.4844402715295635,
    "sentKBytesPerSec" : 2.200353470437018
  },
  "Exam Module" : {
    "transaction" : "Exam Module",
    "sampleCount" : 200,
    "errorCount" : 104,
    "errorPct" : 52.0,
    "meanResTime" : 15436.810000000003,
    "medianResTime" : 8370.5,
    "minResTime" : 4960.0,
    "maxResTime" : 48683.0,
    "pct1ResTime" : 34637.2,
    "pct2ResTime" : 36063.2,
    "pct3ResTime" : 40826.49000000001,
    "throughput" : 3.348064818534887,
    "receivedKBytesPerSec" : 40.02696500016741,
    "sentKBytesPerSec" : 14.633626236691443
  },
  "/api/collegeannouncement-67" : {
    "transaction" : "/api/collegeannouncement-67",
    "sampleCount" : 200,
    "errorCount" : 35,
    "errorPct" : 17.5,