{
  "/api/getevents/ST001-73" : {
    "transaction" : "/api/getevents/ST001-73",
    "sampleCount" : 200,
    "errorCount" : 36,
    "errorPct" : 18.0,
    "meanResTime" : 2095.9600000000005,
    "medianResTime" : 701.0,
    "minResTime" : 2.0,
    "maxResTime" : 12315.0,
    "pct1ResTime" : 5017.9,
    "pct2ResTime" : 5445.7,
    "pct3ResTime" : 12311.99,
    "throughput" : 5.1852427989940635,
    "receivedKBytesPerSec" : 3.8686266074252678,
    "sentKBytesPerSec" : 2.049917886819113
  },
  "/api/collegebirthdaystudent/ghj-76" : {
    "transaction" : "/api/collegebirthdaystudent/ghj-76",
    "sampleCount" : 200,
    "errorCount" : 22,
    "errorPct" : 11.0,
    "meanResTime" : 1426.1800000000003,
    "medianResTime" : 583.5,
    "minResTime" : 2.0,
    "maxResTime" : 12315.0,
    "pct1ResTime" : 4017.4,
    "pct2ResTime" : 6638.299999999985,
    "pct3ResTime" : 12220.5,
    "throughput" : 5.969614661373608,
    "receivedKBytesPerSec" : 4.03030605468167,
    "sentKBytesPerSec" : 2.464069215816494
  },
  "Total" : {
    "transaction" : "Total",
    "sampleCount" : 1800,
    "errorCount" : 256,
    "errorPct" : 14.222222,
    "meanResTime" : 3035.5200000000027,
    "medianResTime" : 1979.5,
    "minResTime" : 1.0,
    "maxResTime" : 21386.0,
    "pct1ResTime" : 7617.800000000002,
    "pct2ResTime" : 11063.95,
    "pct3ResTime" : 12264.0,
    "throughput" : 38.8064849948258,
    "receivedKBytesPerSec" : 680.2256999652359,
    "sentKBytesPerSec" : 14.549400116419456
  },
  "/api/studentAttendancebystudentid/ST001-70" : {
    "transaction" : "/api/studentAttendancebystudentid/ST001-70",
    "sampleCount" : 200,
    "errorCount" : 33,
    "errorPct" : 16.5,
    "meanResTime" : 3183.264999999999,
    "medianResTime" : 1559.0,
    "minResTime" : 2.0,
    "maxResTime" : 21386.0,
    "pct1ResTime" : 12166.6,
    "pct2ResTime" : 12216.75,
    "pct3ResTime" : 12493.78,
    "throughput" : 4.840974003969599,
    "receivedKBytesPerSec" : 4.132390616679576,
    "sentKBytesPerSec" : 1.8971748756474802
  },
  "/api/auth/login-61" : {
    "transaction" : "/api/auth/login-61",
    "sampleCount" : 200,
    "errorCount" : 3,
    "errorPct" : 1.5,
    "meanResTime" : 4191.915000000001,
    "medianResTime" : 3658.0,
    "minResTime" : 60.0,
    "maxResTime" : 11443.0,
    "pct1ResTime" : 8787.400000000001,
    "pct2ResTime" : 10680.549999999997,
    "pct3ResTime" : 11288.93,
    "throughput" : 5.82631747603927,
    "receivedKBytesPerSec" : 2.6619556944970433,
    "sentKBytesPerSec" : 2.9302280275002186
  },
  "/api/auth/login-62" : {
    "transaction" : "/api/auth/login-62",
    "sampleCount" : 200,
    "errorCount" : 57,
    "errorPct" : 28.5,
    "meanResTime" : 3218.495,
    "medianResTime" : 1966.0,
    "minResTime" : 2.0,
    "maxResTime" : 12526.0,
    "pct1ResTime" : 8103.700000000001,
    "pct2ResTime" : 10245.049999999997,
    "pct3ResTime" : 12006.840000000002,
    "throughput" : 5.648600559211455,
    "receivedKBytesPerSec" : 7.0393202174005145,
    "sentKBytesPerSec" : 2.1950660356709126
  },
  "/api/collegeannouncement-67" : {
    "transaction" : "/api/collegeannouncement-67",
    "sampleCount" : 200,
    "errorCount" : 35,
    "errorPct" : 17.5,
    "meanResTime" : 2272.0950000000007,
    "medianResTime" : 1288.0,
    "minResTime" : 1.0,
    "maxResTime" : 12469.0,
    "pct1ResTime" : 4450.1,
    "pct2ResTime" : 10888.09999999996,
    "pct3ResTime" : 12308.320000000002,
    "throughput" : 4.848955050186685,
    "receivedKBytesPerSec" : 32.70558622351258,
    "sentKBytesPerSec" : 1.824395661094409
  },
  "/api/timetabledataa/ghj-78" : {
    "transaction" : "/api/timetabledataa/ghj-78",
    "sampleCount" : 200,
    "errorCount" : 8,
    "errorPct" : 4.0,
    "meanResTime" : 2243.0600000000018,
    "medianResTime" : 1507.5,
    "minResTime" : 2.0,
    "maxResTime" : 12225.0,
    "pct1ResTime" : 5332.2,
    "pct2ResTime" : 7792.95,
    "pct3ResTime" : 12140.97,
    "throughput" : 5.435668859053107,
    "receivedKBytesPerSec" : 2.759982096265696,
    "sentKBytesPerSec" : 0.7788825114149047
  },
  "/api/event/ST001-68" : {
    "transaction" : "/api/event/ST001-68",
    "sampleCount" : 200,
    "errorCount" : 40,
    "errorPct" : 20.0,
    "meanResTime" : 3938.5600000000036,
    "medianResTime" : 2995.5,
    "minResTime" : 1.0,
    "maxResTime" : 21383.0,
    "pct1ResTime" : 12167.9,
    "pct2ResTime" : 12224.95,
    "pct3ResTime" : 12290.84,
    "throughput" : 4.644681839294009,
    "receivedKBytesPerSec" : 18.022635566651182,
    "sentKBytesPerSec" : 1.6607232277635855
  },
  "/api/collegestudent/ST001-63" : {
    "transaction" : "/api/collegestudent/ST001-63",
    "sampleCount" : 200,
    "errorCount" : 22,
    "errorPct" : 11.0,
    "meanResTime" : 4750.150000000001,
    "medianResTime" : 4489.0,
    "minResTime" : 6.0,
    "maxResTime" : 12820.0,
    "pct1ResTime" : 9468.900000000001,
    "pct2ResTime" : 10499.449999999999,
    "pct3ResTime" : 12163.540000000003,
    "throughput" : 4.610206998294224,
    "receivedKBytesPerSec" : 657.6326794162902,
    "sentKBytesPerSec" : 1.8702178106703242
  }
}