{
  "/api/getevents/ST001-73" : {
    "transaction" : "/api/getevents/ST001-73",
    "sampleCount" : 100,
    "errorCount" : 1,
    "errorPct" : 1.0,
    "meanResTime" : 1447.8700000000003,
    "medianResTime" : 864.5,
    "minResTime" : 66.0,
    "maxResTime" : 8729.0,
    "pct1ResTime" : 4539.100000000016,
    "pct2ResTime" : 6868.249999999991,
    "pct3ResTime" : 8728.84,
    "throughput" : 4.78675027523814,
    "receivedKBytesPerSec" : 2.174792673878704,
    "sentKBytesPerSec" : 2.2928253344741756
  },
  "/api/collegebirthdaystudent/ghj-76" : {
    "transaction" : "/api/collegebirthdaystudent/ghj-76",
    "sampleCount" : 100,
    "errorCount" : 0,
    "errorPct" : 0.0,
    "meanResTime" : 805.6700000000003,
    "medianResTime" : 788.5,
    "minResTime" : 39.0,
    "maxResTime" : 8764.0,
    "pct1ResTime" : 919.0,
    "pct2ResTime" : 1578.8,
    "pct3ResTime" : 8737.309999999987,
    "throughput" : 6.781500067815,
    "receivedKBytesPerSec" : 3.4238628272073783,
    "sentKBytesPerSec" : 3.139357707174827
  },
  "Total" : {
    "transaction" : "Total",
    "sampleCount" : 900,
    "errorCount" : 4,
    "errorPct" : 0.44444445,
    "meanResTime" : 2241.5266666666653,
    "medianResTime" : 1047.0,
    "minResTime" : 34.0,
    "maxResTime" : 13054.0,
    "pct1ResTime" : 6094.9,
    "pct2ResTime" : 7126.799999999999,
    "pct3ResTime" : 8711.140000000001,
    "throughput" : 31.524746926337173,
    "receivedKBytesPerSec" : 63.299885722792396,
    "sentKBytesPerSec" : 13.857992782146486
  },
  "/api/studentAttendancebystudentid/ST001-70" : {
    "transaction" : "/api/studentAttendancebystudentid/ST001-70",
    "sampleCount" : 100,
    "errorCount" : 1,
    "errorPct" : 1.0,
    "meanResTime" : 1989.7800000000002,
    "medianResTime" : 887.0,
    "minResTime" : 246.0,
    "maxResTime" : 11039.0,
    "pct1ResTime" : 4594.6,
    "pct2ResTime" : 6801.299999999981,
    "pct3ResTime" : 11015.879999999988,
    "throughput" : 4.155757802435274,
    "receivedKBytesPerSec" : 2.865849540788763,
    "sentKBytesPerSec" : 1.9383525796866559
  },
  "/api/auth/login-61" : {
    "transaction" : "/api/auth/login-61",
    "sampleCount" : 100,
    "errorCount" : 0,
    "errorPct" : 0.0,
    "meanResTime" : 1545.3200000000002,
    "medianResTime" : 1534.5,
    "minResTime" : 63.0,
    "maxResTime" : 3806.0,
    "pct1ResTime" : 2756.6000000000004,
    "pct2ResTime" : 3204.0499999999984,
    "pct3ResTime" : 3804.519999999999,
    "throughput" : 5.917509911829102,
    "receivedKBytesPerSec" : 2.6871504970708324,
    "sentKBytesPerSec" : 2.976091410734363
  },
  "/api/auth/login-62" : {
    "transaction" : "/api/auth/login-62",
    "sampleCount" : 100,
    "errorCount" : 0,
    "errorPct" : 0.0,
    "meanResTime" : 3915.219999999999,
    "medianResTime" : 3845.0,
    "minResTime" : 269.0,
    "maxResTime" : 9061.0,
    "pct1ResTime" : 7129.0,
    "pct2ResTime" : 7797.399999999998,
    "pct3ResTime" : 9055.629999999997,
    "throughput" : 4.236390595212878,
    "receivedKBytesPerSec" : 3.8970656375767847,
    "sentKBytesPerSec" : 2.3017998040669347
  },
  "/api/collegeannouncement-67" : {
    "transaction" : "/api/collegeannouncement-67",
    "sampleCount" : 100,
    "errorCount" : 0,
    "errorPct" : 0.0,
    "meanResTime" : 2275.5300000000007,
    "medianResTime" : 1427.0,
    "minResTime" : 74.0,
    "maxResTime" : 13054.0,
    "pct1ResTime" : 6093.9,
    "pct2ResTime" : 6532.949999999998,
    "pct3ResTime" : 13008.729999999978,
    "throughput" : 4.141987325518784,
    "receivedKBytesPerSec" : 32.0519437569896,
    "sentKBytesPerSec" : 1.8889727353684298
  },
  "/api/timetabledataa/ghj-78" : {
    "transaction" : "/api/timetabledataa/ghj-78",
    "sampleCount" : 100,
    "errorCount" : 0,
    "errorPct" : 0.0,
    "meanResTime" : 1121.1599999999999,
    "medianResTime" : 806.5,
    "minResTime" : 34.0,
    "maxResTime" : 7334.0,
    "pct1ResTime" : 2151.9,
    "pct2ResTime" : 5005.2,
    "pct3ResTime" : 7332.3099999999995,
    "throughput" : 5.072279989855439,
    "receivedKBytesPerSec" : 2.253845818539183,
    "sentKBytesPerSec" : 0.7531146969312706
  },
  "/api/event/ST001-68" : {
    "transaction" : "/api/event/ST001-68",
    "sampleCount" : 100,
    "errorCount" : 2,
    "errorPct" : 2.0,
    "meanResTime" : 3323.9300000000017,
    "medianResTime" : 1922.5,
    "minResTime" : 233.0,
    "maxResTime" : 12774.0,
    "pct1ResTime" : 7134.0,
    "pct2ResTime" : 8482.749999999995,
    "pct3ResTime" : 12744.609999999986,
    "throughput" : 4.252785574551331,
    "receivedKBytesPerSec" : 2.7542185639406314,
    "sentKBytesPerSec" : 1.8699797195287915
  },
  "/api/collegestudent/ST001-63" : {
    "transaction" : "/api/collegestudent/ST001-63",
    "sampleCount" : 100,
    "errorCount" : 0,
    "errorPct" : 0.0,
    "meanResTime" : 3749.2599999999993,
    "medianResTime" : 3709.5,
    "minResTime" : 49.0,
    "maxResTime" : 8521.0,
    "pct1ResTime" : 6963.0,
    "pct2ResTime" : 8055.199999999999,
    "pct3ResTime" : 8518.8,
    "throughput" : 4.198152812762385,
    "receivedKBytesPerSec" : 26.105704896095716,
    "sentKBytesPerSec" : 1.9204909214945425
  }
}