{
  "/api/getevents/ST001-73" : {
    "transaction" : "/api/getevents/ST001-73",
    "sampleCount" : 100,
    "errorCount" : 0,
    "errorPct" : 0.0,
    "meanResTime" : 639.0000000000001,
    "medianResTime" : 545.5,
    "minResTime" : 13.0,
    "maxResTime" : 2177.0,
    "pct1ResTime" : 1071.5,
    "pct2ResTime" : 1451.4999999999977,
    "pct3ResTime" : 2176.4599999999996,
    "throughput" : 3.064382680109092,
    "receivedKBytesPerSec" : 1.3424928848864646,
    "sentKBytesPerSec" : 1.4928391601293167
  },
  "/api/studentAttendancebystudentid/ST001-70" : {
    "transaction" : "/api/studentAttendancebystudentid/ST001-70",
    "sampleCount" : 100,
    "errorCount" : 0,
    "errorPct" : 0.0,
    "meanResTime" : 697.5000000000002,
    "medianResTime" : 597.0,
    "minResTime" : 13.0,
    "maxResTime" : 2117.0,
    "pct1ResTime" : 1265.5,
    "pct2ResTime" : 1418.1999999999998,
    "pct3ResTime" : 2115.139999999999,
    "throughput" : 3.154872700886519,
    "receivedKBytesPerSec" : 2.0773789219011265,
    "sentKBytesPerSec" : 1.496870021216519
  },
  "/api/examstatus/ST001-554" : {
    "transaction" : "/api/examstatus/ST001-554",
    "sampleCount" : 100,
    "errorCount" : 0,
    "errorPct" : 0.0,
    "meanResTime" : 692.4300000000001,
    "medianResTime" : 580.5,
    "minResTime" : 16.0,
    "maxResTime" : 5583.0,
    "pct1ResTime" : 1207.1000000000004,
    "pct2ResTime" : 1655.0499999999975,
    "pct3ResTime" : 5550.589999999984,
    "throughput" : 2.9201343261790043,
    "receivedKBytesPerSec" : 7.523110125565776,
    "sentKBytesPerSec" : 1.3341648872098117
  },
  "/api/collegestudent/ST001-558" : {
    "transaction" : "/api/collegestudent/ST001-558",
    "sampleCount" : 100,
    "errorCount" : 0,
    "errorPct" : 0.0,
    "meanResTime" : 626.2799999999999,
    "medianResTime" : 522.0,
    "minResTime" : 42.0,
    "maxResTime" : 3821.0,
    "pct1ResTime" : 1051.6,
    "pct2ResTime" : 1350.2499999999995,
    "pct3ResTime" : 3806.099999999992,
    "throughput" : 2.857877739990283,
    "receivedKBytesPerSec" : 25.829967884598897,
    "sentKBytesPerSec" : 1.3168843863422024
  },
  "/api/timetabledataa/ghj-78" : {
    "transaction" : "/api/timetabledataa/ghj-78",
    "sampleCount" : 100,
    "errorCount" : 0,
    "errorPct" : 0.0,
    "meanResTime" : 659.81,
    "medianResTime" : 527.0,
    "minResTime" : 65.0,
    "maxResTime" : 4697.0,
    "pct1ResTime" : 1145.6000000000004,
    "pct2ResTime" : 1454.4999999999995,
    "pct3ResTime" : 4669.189999999986,
    "throughput" : 3.030211205721039,
    "receivedKBytesPerSec" : 1.3464317369170633,
    "sentKBytesPerSec" : 0.45870413964728346
  },
  "/api/collegeexambysectionid/ghj-555" : {
    "transaction" : "/api/collegeexambysectionid/ghj-555",
    "sampleCount" : 100,
    "errorCount" : 1,
    "errorPct" : 1.0,
    "meanResTime" : 615.98,
    "medianResTime" : 505.5,
    "minResTime" : 57.0,
    "maxResTime" : 4501.0,
    "pct1ResTime" : 1091.0,
    "pct2ResTime" : 1309.2999999999997,
    "pct3ResTime" : 4473.149999999985,
    "throughput" : 2.925858739540055,
    "receivedKBytesPerSec" : 3.1384406635847624,
    "sentKBytesPerSec" : 1.362953005222658
  },
  "/api/collegestudent/ST001-63" : {
    "transaction" : "/api/collegestudent/ST001-63",
    "sampleCount" : 100,
    "errorCount" : 0,
    "errorPct" : 0.0,
    "meanResTime" : 681.3500000000004,
    "medianResTime" : 526.5,
    "minResTime" : 51.0,
    "maxResTime" : 4082.0,
    "pct1ResTime" : 1268.5,
    "pct2ResTime" : 1554.7499999999998,
    "pct3ResTime" : 4059.8599999999888,
    "throughput" : 3.143962020938787,
    "receivedKBytesPerSec" : 28.415644551513818,
    "sentKBytesPerSec" : 1.4487094527148112
  },
  "/api/collegestudent/ST001-556" : {
    "transaction" : "/api/collegestudent/ST001-556",
    "sampleCount" : 100,
    "errorCount" : 0,
    "errorPct" : 0.0,
    "meanResTime" : 619.2299999999999,
    "medianResTime" : 554.0,
    "minResTime" : 44.0,
    "maxResTime" : 2296.0,
    "pct1ResTime" : 1157.2000000000003,
    "pct2ResTime" : 1208.6,
    "pct3ResTime" : 2289.6999999999966,
    "throughput" : 2.86409852498926,
    "receivedKBytesPerSec" : 25.88524138980381,
    "sentKBytesPerSec" : 1.3197508681798653
  },
  "/api/collegebirthdaystudent/ghj-76" : {
    "transaction" : "/api/collegebirthdaystudent/ghj-76",
    "sampleCount" : 100,
    "errorCount" : 0,
    "errorPct" : 0.0,
    "meanResTime" : 701.6699999999998,
    "medianResTime" : 574.5,
    "minResTime" : 56.0,
    "maxResTime" : 3656.0,
    "pct1ResTime" : 1299.9,
    "pct2ResTime" : 1811.4999999999973,
    "pct3ResTime" : 3642.419999999993,
    "throughput" : 2.9814257177782415,
    "receivedKBytesPerSec" : 1.6983936171402165,
    "sentKBytesPerSec" : 1.3888377750365226
  },
  "/api/collegestudent/ST001-553" : {
    "transaction" : "/api/collegestudent/ST001-553",
    "sampleCount" : 100,
    "errorCount" : 0,
    "errorPct" : 0.0,
    "meanResTime" : 726.76,
    "medianResTime" : 519.5,
    "minResTime" : 61.0,
    "maxResTime" : 4133.0,
    "pct1ResTime" : 1332.4,
    "pct2ResTime" : 1831.249999999999,
    "pct3ResTime" : 4122.169999999995,
    "throughput" : 2.9382382323558796,
    "receivedKBytesPerSec" : 26.556279198742434,
    "sentKBytesPerSec" : 1.3539137792354705
  },
  "/api/createstatus-559" : {
    "transaction" : "/api/createstatus-559",
    "sampleCount" : 100,
    "errorCount" : 0,
    "errorPct" : 0.0,
    "meanResTime" : 151.75,
    "medianResTime" : 22.0,
    "minResTime" : 11.0,
    "maxResTime" : 1304.0,
    "pct1ResTime" : 547.5000000000001,
    "pct2ResTime" : 691.399999999999,
    "pct3ResTime" : 1298.6499999999974,
    "throughput" : 2.906723250879284,
    "receivedKBytesPerSec" : 1.3171373590239224,
    "sentKBytesPerSec" : 1.4675546100630759
  },
  "Total" : {
    "transaction" : "Total",
    "sampleCount" : 1800,
    "errorCount" : 2,
    "errorPct" : 0.11111111,
    "meanResTime" : 652.7905555555577,
    "medianResTime" : 527.5,
    "minResTime" : 11.0,
    "maxResTime" : 5583.0,
    "pct1ResTime" : 1218.0,
    "pct2ResTime" : 1441.3999999999978,
    "pct3ResTime" : 2325.7200000000003,
    "throughput" : 45.51431172246384,
    "receivedKBytesPerSec" : 139.94897715276372,
    "sentKBytesPerSec" : 21.33564849202235
  },
  "/api/auth/login-62" : {
    "transaction" : "/api/auth/login-62",
    "sampleCount" : 100,
    "errorCount" : 1,
    "errorPct" : 1.0,
    "meanResTime" : 938.22,
    "medianResTime" : 924.0,
    "minResTime" : 285.0,
    "maxResTime" : 2129.0,
    "pct1ResTime" : 1458.5000000000002,
    "pct2ResTime" : 1641.9499999999996,
    "pct3ResTime" : 2128.2999999999997,
    "throughput" : 3.1655587211142766,
    "receivedKBytesPerSec" : 2.96984434354226,
    "sentKBytesPerSec" : 1.746374446027224
  },
  "/api/collegeexambyexamid/Exam%20-%202-562" : {
    "transaction" : "/api/collegeexambyexamid/Exam%20-%202-562",
    "sampleCount" : 100,
    "errorCount" : 0,
    "errorPct" : 0.0,
    "meanResTime" : 549.99,
    "medianResTime" : 419.5,
    "minResTime" : 16.0,
    "maxResTime" : 1911.0,
    "pct1ResTime" : 1053.4,
    "pct2ResTime" : 1303.9499999999996,
    "pct3ResTime" : 1910.2199999999996,
    "throughput" : 2.9277432954678533,
    "receivedKBytesPerSec" : 3.147953049976578,
    "sentKBytesPerSec" : 1.4060029716594449
  },
  "Exam Module" : {
    "transaction" : "Exam Module",
    "sampleCount" : 100,
    "errorCount" : 1,
    "errorPct" : 1.0,
    "meanResTime" : 6080.020000000001,
    "medianResTime" : 5909.0,
    "minResTime" : 2336.0,
    "maxResTime" : 13999.0,
    "pct1ResTime" : 9721.5,
    "pct2ResTime" : 10199.75,
    "pct3ResTime" : 13980.62999999999,
    "throughput" : 2.7592296230892335,
    "receivedKBytesPerSec" : 96.31193392679765,
    "sentKBytesPerSec" : 13.6263638785801
  },
  "/api/collegeannouncement-67" : {
    "transaction" : "/api/collegeannouncement-67",
    "sampleCount" : 100,
    "errorCount" : 0,
    "errorPct" : 0.0,
    "meanResTime" : 697.1599999999996,
    "medianResTime" : 552.0,
    "minResTime" : 60.0,