{
  "/api/getevents/ST001-73" : {
    "transaction" : "/api/getevents/ST001-73",
    "sampleCount" : 200,
    "errorCount" : 62,
    "errorPct" : 31.0,
    "meanResTime" : 3430.1749999999997,
    "medianResTime" : 1532.0,
    "minResTime" : 1.0,
    "maxResTime" : 21270.0,
    "pct1ResTime" : 10362.6,
    "pct2ResTime" : 14195.85,
    "pct3ResTime" : 18176.460000000003,
    "throughput" : 4.110658938627862,
    "receivedKBytesPerSec" : 3.8696996585583916,
    "sentKBytesPerSec" : 1.3817674934229456
  },
  "/api/studentAttendancebystudentid/ST001-70" : {
    "transaction" : "/api/studentAttendancebystudentid/ST001-70",
    "sampleCount" : 200,
    "errorCount" : 90,
    "errorPct" : 45.0,
    "meanResTime" : 2981.725,
    "medianResTime" : 1200.5,
    "minResTime" : 1.0,
    "maxResTime" : 18252.0,
    "pct1ResTime" : 9554.900000000001,
    "pct2ResTime" : 14409.499999999998,
    "pct3ResTime" : 17259.71,
    "throughput" : 3.915426781519186,
    "receivedKBytesPerSec" : 5.049925515123336,
    "sentKBytesPerSec" : 1.0217963855716523
  },
  "/api/examstatus/ST001-554" : {
    "transaction" : "/api/examstatus/ST001-554",
    "sampleCount" : 200,
    "errorCount" : 75,
    "errorPct" : 37.5,
    "meanResTime" : 1398.505,
    "medianResTime" : 1212.5,
    "minResTime" : 1.0,
    "maxResTime" : 16658.0,
    "pct1ResTime" : 2414.0000000000005,
    "pct2ResTime" : 4766.8499999999985,
    "pct3ResTime" : 12926.120000000032,
    "throughput" : 5.8095625399407425,
    "receivedKBytesPerSec" : 12.250602969049554,
    "sentKBytesPerSec" : 1.6589591624063207
  },
  "/api/collegestudent/ST001-558" : {
    "transaction" : "/api/collegestudent/ST001-558",
    "sampleCount" : 200,
    "errorCount" : 35,
    "errorPct" : 17.5,
    "meanResTime" : 987.7649999999998,
    "medianResTime" : 1083.5,
    "minResTime" : 1.0,
    "maxResTime" : 2679.0,
    "pct1ResTime" : 1782.2,
    "pct2ResTime" : 1958.1999999999998,
    "pct3ResTime" : 2532.370000000001,
    "throughput" : 13.866740622616653,
    "receivedKBytesPerSec" : 74.06417105057893,
    "sentKBytesPerSec" : 5.271798949594398
  },
  "/api/timetabledataa/ghj-78" : {
    "transaction" : "/api/timetabledataa/ghj-78",
    "sampleCount" : 200,
    "errorCount" : 91,
    "errorPct" : 45.5,
    "meanResTime" : 1892.0999999999995,
    "medianResTime" : 689.5,
    "minResTime" : 1.0,
    "maxResTime" : 18176.0,
    "pct1ResTime" : 6740.700000000001,
    "pct2ResTime" : 10642.499999999996,
    "pct3ResTime" : 16639.360000000022,
    "throughput" : 4.398504508467121,
    "receivedKBytesPerSec" : 5.185145253738729,
    "sentKBytesPerSec" : 0.3597624463932263
  },
  "/api/collegeexambysectionid/ghj-555" : {
    "transaction" : "/api/collegeexambysectionid/ghj-555",
    "sampleCount" : 200,
    "errorCount" : 80,
    "errorPct" : 40.0,
    "meanResTime" : 1062.9400000000007,
    "medianResTime" : 806.0,
    "minResTime" : 1.0,
    "maxResTime" : 13177.0,
    "pct1ResTime" : 1989.0000000000005,
    "pct2ResTime" : 2439.5499999999993,
    "pct3ResTime" : 12698.470000000023,
    "throughput" : 7.176432595356848,
    "receivedKBytesPerSec" : 10.146347364006603,
    "sentKBytesPerSec" : 2.001551903548746
  },
  "/api/collegestudent/ST001-63" : {
    "transaction" : "/api/collegestudent/ST001-63",
    "sampleCount" : 200,
    "errorCount" : 27,
    "errorPct" : 13.5,
    "meanResTime" : 5537.394999999996,
    "medianResTime" : 4969.5,
    "minResTime" : 2.0,
    "maxResTime" : 16557.0,
    "pct1ResTime" : 11772.000000000002,
    "pct2ResTime" : 13225.699999999999,
    "pct3ResTime" : 14256.44,
    "throughput" : 3.845192548016842,
    "receivedKBytesPerSec" : 5.790751080258782,
    "sentKBytesPerSec" : 1.5328762460827101
  },
  "/api/collegestudent/ST001-556" : {
    "transaction" : "/api/collegestudent/ST001-556",
    "sampleCount" : 200,
    "errorCount" : 70,
    "errorPct" : 35.0,
    "meanResTime" : 1061.4800000000002,
    "medianResTime" : 1176.0,
    "minResTime" : 0.0,
    "maxResTime" : 7753.0,
    "pct1ResTime" : 1914.5,
    "pct2ResTime" : 2293.9,
    "pct3ResTime" : 6364.730000000014,
    "throughput" : 9.41132182014964,
    "receivedKBytesPerSec" : 51.32796140475742,
    "sentKBytesPerSec" : 2.818893081502047
  },
  "/api/collegebirthdaystudent/ghj-76" : {
    "transaction" : "/api/collegebirthdaystudent/ghj-76",
    "sampleCount" : 200,
    "errorCount" : 69,
    "errorPct" : 34.5,
    "meanResTime" : 2052.060000000001,
    "medianResTime" : 1239.0,
    "minResTime" : 2.0,
    "maxResTime" : 17231.0,
    "pct1ResTime" : 5294.6,
    "pct2ResTime" : 9699.399999999983,
    "pct3ResTime" : 14265.400000000009,
    "throughput" : 4.698144233027954,
    "receivedKBytesPerSec" : 5.078033239370448,
    "sentKBytesPerSec" : 1.4319475643058492
  },
  "/api/collegestudent/ST001-553" : {
    "transaction" : "/api/collegestudent/ST001-553",
    "sampleCount" : 200,
    "errorCount" : 91,
    "errorPct" : 45.5,
    "meanResTime" : 1498.1800000000003,
    "medianResTime" : 1049.5,
    "minResTime" : 1.0,
    "maxResTime" : 14404.0,
    "pct1ResTime" : 2456.4,
    "pct2ResTime" : 6138.799999999992,
    "pct3ResTime" : 14376.930000000011,
    "throughput" : 5.2201602589199485,
    "receivedKBytesPerSec" : 28.819719726333098,
    "sentKBytesPerSec" : 1.3109535275232949
  },
  "/api/createstatus-559" : {
    "transaction" : "/api/createstatus-559",
    "sampleCount" : 200,
    "errorCount" : 48,
    "errorPct" : 24.0,
    "meanResTime" : 161.40500000000006,
    "medianResTime" : 38.0,
    "minResTime" : 0.0,
    "maxResTime" : 1447.0,
    "pct1ResTime" : 475.0,
    "pct2ResTime" : 649.0499999999997,
    "pct3ResTime" : 1112.95,
    "throughput" : 14.914243102162565,
    "receivedKBytesPerSec" : 12.515729865771812,
    "sentKBytesPerSec" : 5.722758202833706
  },
  "Total" : {
    "transaction" : "Total",
    "sampleCount" : 3600,
    "errorCount" : 1018,
    "errorPct" : 28.277779,
    "meanResTime" : 2420.291388888893,
    "medianResTime" : 1030.5,
    "minResTime" : 0.0,
    "maxResTime" : 36000.0,
    "pct1ResTime" : 7348.700000000001,
    "pct2ResTime" : 11641.949999999986,
    "pct3ResTime" : 17049.98,
    "throughput" : 56.05293888672635,
    "receivedKBytesPerSec" : 121.31649292039705,
    "sentKBytesPerSec" : 19.06745693849747
  },
  "/api/auth/login-62" : {
    "transaction" : "/api/auth/login-62",
    "sampleCount" : 200,
    "errorCount" : 1,
    "errorPct" : 0.5,
    "meanResTime" : 9961.345000000003,
    "medianResTime" : 9029.0,
    "minResTime" : 671.0,
    "maxResTime" : 36000.0,
    "pct1ResTime" : 16964.2,
    "pct2ResTime" : 18321.649999999998,
    "pct3ResTime" : 35766.36000000012,
    "throughput" : 3.7970838396111786,
    "receivedKBytesPerSec" : 3.567960977844016,
    "sentKBytesPerSec" : 2.09475548559956
  },
  "/api/collegeexambyexamid/Exam%20-%202-562" : {
    "transaction" : "/api/collegeexambyexamid/Exam%20-%202-562",
    "sampleCount" : 200,
    "errorCount" : 16,
    "errorPct" : 8.0,
    "meanResTime" : 331.91999999999985,
    "medianResTime" : 201.0,
    "minResTime" : 3.0,
    "maxResTime" : 3381.0,
    "pct1ResTime" : 808.0,
    "pct2ResTime" : 918.7499999999998,
    "pct3ResTime" : 1794.6500000000012,
    "throughput" : 15.640885274106516,
    "receivedKBytesPerSec" : 13.969418403456634,
    "sentKBytesPerSec" : 6.7469646907014935
  },
  "Exam Module" : {
    "transaction" : "Exam Module",
    "sampleCount" : 200,
    "errorCount" : 191,
    "errorPct" : 95.5,
    "meanResTime" : 9092.03,
    "medianResTime" : 8079.5,
    "minResTime" : 3591.0,
    "maxResTime" : 34427.0,
    "pct1ResTime" : 13395.7,
    "pct2ResTime" : 19970.899999999994,
    "pct3ResTime" : 33948.940000000024,
    "throughput" : 4.528882951020131,
    "receivedKBytesPerSec" : 111.44977238824981,
    "sentKBytesPerSec" : 16.26614210644007
  },
  "/api/collegeannouncement-67" : {
    "transaction" : "/api/collegeannouncement-67",
    "sampleCount" : 200,
    "errorCount" : 54,
    "errorPct" : 27.0,
    "meanResTime" : 5152.940000000001,