{
  "/api/getevents/ST001-73" : {
    "transaction" : "/api/getevents/ST001-73",
    "sampleCount" : 300,
    "errorCount" : 116,
    "errorPct" : 38.666668,
    "meanResTime" : 6808.0199999999995,
    "medianResTime" : 2485.5,
    "minResTime" : 1.0,
    "maxResTime" : 34524.0,
    "pct1ResTime" : 22977.200000000004,
    "pct2ResTime" : 24567.3,
    "pct3ResTime" : 26357.660000000003,
    "throughput" : 3.8271652187224925,
    "receivedKBytesPerSec" : 3.8896307343692196,
    "sentKBytesPerSec" : 1.210353458641101
  },
  "/api/studentAttendancebystudentid/ST001-70" : {
    "transaction" : "/api/studentAttendancebystudentid/ST001-70",
    "sampleCount" : 300,
    "errorCount" : 127,
    "errorPct" : 42.333332,
    "meanResTime" : 5532.603333333334,
    "medianResTime" : 2386.5,
    "minResTime" : 1.0,
    "maxResTime" : 47073.0,
    "pct1ResTime" : 12216.700000000008,
    "pct2ResTime" : 20129.6,
    "pct3ResTime" : 26125.57,
    "throughput" : 3.75859779245023,
    "receivedKBytesPerSec" : 4.602679508281444,
    "sentKBytesPerSec" : 1.0503151936617514
  },
  "/api/examstatus/ST001-554" : {
    "transaction" : "/api/examstatus/ST001-554",
    "sampleCount" : 300,
    "errorCount" : 107,
    "errorPct" : 35.666668,
    "meanResTime" : 4164.869999999999,
    "medianResTime" : 2416.5,
    "minResTime" : 1.0,
    "maxResTime" : 26052.0,
    "pct1ResTime" : 10029.400000000001,
    "pct2ResTime" : 11392.25,
    "pct3ResTime" : 11814.9,
    "throughput" : 4.825168076688004,
    "receivedKBytesPerSec" : 8.954597807162157,
    "sentKBytesPerSec" : 1.4741736648357835
  },
  "/api/collegestudent/ST001-558" : {
    "transaction" : "/api/collegestudent/ST001-558",
    "sampleCount" : 300,
    "errorCount" : 87,
    "errorPct" : 29.0,
    "meanResTime" : 2777.3600000000006,
    "medianResTime" : 2482.5,
    "minResTime" : 1.0,
    "maxResTime" : 11720.0,
    "pct1ResTime" : 6620.800000000003,
    "pct2ResTime" : 8035.949999999999,
    "pct3ResTime" : 11487.650000000005,
    "throughput" : 8.837305211064306,
    "receivedKBytesPerSec" : 373.3228106496892,
    "sentKBytesPerSec" : 2.887543450083954
  },
  "/api/timetabledataa/ghj-78" : {
    "transaction" : "/api/timetabledataa/ghj-78",
    "sampleCount" : 300,
    "errorCount" : 139,
    "errorPct" : 46.333332,
    "meanResTime" : 3613.8133333333353,
    "medianResTime" : 1040.0,
    "minResTime" : 1.0,
    "maxResTime" : 26150.0,
    "pct1ResTime" : 9806.90000000001,
    "pct2ResTime" : 16313.8,
    "pct3ResTime" : 26037.380000000005,
    "throughput" : 3.708786114304788,
    "receivedKBytesPerSec" : 4.3824281963555,
    "sentKBytesPerSec" : 0.29972110701084204
  },
  "/api/collegeexambysectionid/ghj-555" : {
    "transaction" : "/api/collegeexambysectionid/ghj-555",
    "sampleCount" : 300,
    "errorCount" : 124,
    "errorPct" : 41.333332,
    "meanResTime" : 2737.6366666666668,
    "medianResTime" : 550.0,
    "minResTime" : 1.0,
    "maxResTime" : 20028.0,
    "pct1ResTime" : 8036.700000000002,
    "pct2ResTime" : 9487.85,
    "pct3ResTime" : 10898.180000000002,
    "throughput" : 5.611672278338944,
    "receivedKBytesPerSec" : 7.480859667274598,
    "sentKBytesPerSec" : 1.543027204919566
  },
  "/api/collegestudent/ST001-63" : {
    "transaction" : "/api/collegestudent/ST001-63",
    "sampleCount" : 300,
    "errorCount" : 117,
    "errorPct" : 39.0,
    "meanResTime" : 6127.729999999999,
    "medianResTime" : 5431.0,
    "minResTime" : 2.0,
    "maxResTime" : 23733.0,
    "pct1ResTime" : 12008.900000000001,
    "pct2ResTime" : 15990.449999999995,
    "pct3ResTime" : 23173.670000000002,
    "throughput" : 4.128762334677475,
    "receivedKBytesPerSec" : 101.2628018512338,
    "sentKBytesPerSec" : 1.1596284888041728
  },
  "/api/collegestudent/ST001-556" : {
    "transaction" : "/api/collegestudent/ST001-556",
    "sampleCount" : 300,
    "errorCount" : 114,
    "errorPct" : 38.0,
    "meanResTime" : 3451.233333333333,
    "medianResTime" : 3016.5,
    "minResTime" : 0.0,
    "maxResTime" : 13926.0,
    "pct1ResTime" : 8969.7,
    "pct2ResTime" : 10802.549999999992,
    "pct3ResTime" : 12953.6,
    "throughput" : 7.198387561186294,
    "receivedKBytesPerSec" : 395.8806664807083,
    "sentKBytesPerSec" : 2.052290286975717
  },
  "/api/collegebirthdaystudent/ghj-76" : {
    "transaction" : "/api/collegebirthdaystudent/ghj-76",
    "sampleCount" : 300,
    "errorCount" : 113,
    "errorPct" : 37.666668,
    "meanResTime" : 4568.563333333331,
    "medianResTime" : 1912.5,
    "minResTime" : 0.0,
    "maxResTime" : 47043.0,
    "pct1ResTime" : 10088.800000000001,
    "pct2ResTime" : 16392.35,
    "pct3ResTime" : 26137.84,
    "throughput" : 4.124278251306022,
    "receivedKBytesPerSec" : 4.544358545848227,
    "sentKBytesPerSec" : 1.211802094789662
  },
  "/api/collegestudent/ST001-553" : {
    "transaction" : "/api/collegestudent/ST001-553",
    "sampleCount" : 300,
    "errorCount" : 121,
    "errorPct" : 40.333332,
    "meanResTime" : 4602.476666666666,
    "medianResTime" : 3185.5,
    "minResTime" : 1.0,
    "maxResTime" : 24444.0,
    "pct1ResTime" : 10260.700000000003,
    "pct2ResTime" : 12015.75,
    "pct3ResTime" : 23709.790000000005,
    "throughput" : 4.943886883868098,
    "receivedKBytesPerSec" : 196.58658084903018,
    "sentKBytesPerSec" : 1.3724757852540335
  },
  "/api/createstatus-559" : {
    "transaction" : "/api/createstatus-559",
    "sampleCount" : 300,
    "errorCount" : 123,
    "errorPct" : 41.0,
    "meanResTime" : 1183.6499999999999,
    "medianResTime" : 209.0,
    "minResTime" : 0.0,
    "maxResTime" : 8034.0,
    "pct1ResTime" : 3026.3,
    "pct2ResTime" : 5309.15,
    "pct3ResTime" : 7814.760000000003,
    "throughput" : 8.79301248607773,
    "receivedKBytesPerSec" : 9.78262711398675,
    "sentKBytesPerSec" : 2.6192701158479395
  },
  "Total" : {
    "transaction" : "Total",
    "sampleCount" : 5400,
    "errorCount" : 1927,
    "errorPct" : 35.685184,
    "meanResTime" : 4542.217222222215,
    "medianResTime" : 1910.0,
    "minResTime" : 0.0,
    "maxResTime" : 47073.0,
    "pct1ResTime" : 11853.400000000003,
    "pct2ResTime" : 18289.699999999997,
    "pct3ResTime" : 26125.98,
    "throughput" : 43.72434231301771,
    "receivedKBytesPerSec" : 444.4811713316086,
    "sentKBytesPerSec" : 13.494529523040299
  },
  "/api/auth/login-62" : {
    "transaction" : "/api/auth/login-62",
    "sampleCount" : 300,
    "errorCount" : 25,
    "errorPct" : 8.333333,
    "meanResTime" : 13858.26,
    "medianResTime" : 12636.5,
    "minResTime" : 790.0,
    "maxResTime" : 38395.0,
    "pct1ResTime" : 26356.000000000004,
    "pct2ResTime" : 27783.649999999998,
    "pct3ResTime" : 35019.78000000006,
    "throughput" : 4.194982800570518,
    "receivedKBytesPerSec" : 3.842656136385883,
    "sentKBytesPerSec" : 2.3142048672287947
  },
  "/api/collegeexambyexamid/Exam%20-%202-562" : {
    "transaction" : "/api/collegeexambyexamid/Exam%20-%202-562",
    "sampleCount" : 300,
    "errorCount" : 61,
    "errorPct" : 20.333334,
    "meanResTime" : 1109.0799999999997,
    "medianResTime" : 667.0,
    "minResTime" : 1.0,
    "maxResTime" : 20228.0,
    "pct1ResTime" : 2675.0,
    "pct2ResTime" : 3591.949999999996,
    "pct3ResTime" : 7905.370000000008,
    "throughput" : 7.333528894103843,
    "receivedKBytesPerSec" : 7.119347835386721,
    "sentKBytesPerSec" : 2.7148380206805514
  },
  "Exam Module" : {
    "transaction" : "Exam Module",
    "sampleCount" : 300,
    "errorCount" : 298,
    "errorPct" : 99.333336,
    "meanResTime" : 25306.31333333334,
    "medianResTime" : 24008.0,
    "minResTime" : 11321.0,
    "maxResTime" : 57914.0,
    "pct1ResTime" : 33042.10000000001,
    "pct2ResTime" : 38950.14999999999,
    "pct3ResTime" : 56160.65000000002,
    "throughput" : 3.5880017222408265,
    "receivedKBytesPerSec" : 522.9183610008133,
    "sentKBytesPerSec" : 11.445830611186194
  },
  "/api/collegeannouncement-67" : {
    "transaction" : "/api/collegeannouncement-67",
    "sampleCount" : 300,