{
  "/api/getevents/ST001-73" : {
    "transaction" : "/api/getevents/ST001-73",
    "sampleCount" : 100,
    "errorCount" : 0,
    "errorPct" : 0.0,
    "meanResTime" : 37.89000000000001,
    "medianResTime" : 38.0,
    "minResTime" : 16.0,
    "maxResTime" : 49.0,
    "pct1ResTime" : 40.900000000000006,
    "pct2ResTime" : 43.94999999999999,
    "pct3ResTime" : 48.97999999999999,
    "throughput" : 1.7399171799422348,
    "receivedKBytesPerSec" : 0.7622502403260605,
    "sentKBytesPerSec" : 0.8418208668267391
  },
  "/api/collegebirthdaystudent/ghj-76" : {
    "transaction" : "/api/collegebirthdaystudent/ghj-76",
    "sampleCount" : 100,
    "errorCount" : 0,
    "errorPct" : 0.0,
    "meanResTime" : 44.76999999999999,
    "medianResTime" : 40.0,
    "minResTime" : 37.0,
    "maxResTime" : 263.0,
    "pct1ResTime" : 45.0,
    "pct2ResTime" : 49.94999999999999,
    "pct3ResTime" : 262.8299999999999,
    "throughput" : 1.7399777282850781,
    "receivedKBytesPerSec" : 0.878484849143931,
    "sentKBytesPerSec" : 0.805487346011971
  },
  "Total" : {
    "transaction" : "Total",
    "sampleCount" : 900,
    "errorCount" : 0,
    "errorPct" : 0.0,
    "meanResTime" : 70.22000000000003,
    "medianResTime" : 39.0,
    "minResTime" : 16.0,
    "maxResTime" : 886.0,
    "pct1ResTime" : 247.0,
    "pct2ResTime" : 261.0,
    "pct3ResTime" : 343.98,
    "throughput" : 15.116650150326688,
    "receivedKBytesPerSec" : 30.250473838747332,
    "sentKBytesPerSec" : 6.6762252359877055
  },
  "/api/studentAttendancebystudentid/ST001-70" : {
    "transaction" : "/api/studentAttendancebystudentid/ST001-70",
    "sampleCount" : 100,
    "errorCount" : 0,
    "errorPct" : 0.0,
    "meanResTime" : 40.679999999999986,
    "medianResTime" : 38.0,
    "minResTime" : 17.0,
    "maxResTime" : 258.0,
    "pct1ResTime" : 41.900000000000006,
    "pct2ResTime" : 50.799999999999955,
    "pct3ResTime" : 255.989999999999,
    "throughput" : 1.7331923670208156,
    "receivedKBytesPerSec" : 1.1712419785690764,
    "sentKBytesPerSec" : 0.816563794478049
  },
  "/api/auth/login-61" : {
    "transaction" : "/api/auth/login-61",
    "sampleCount" : 100,
    "errorCount" : 0,
    "errorPct" : 0.0,
    "meanResTime" : 73.43,
    "medianResTime" : 53.0,
    "minResTime" : 44.0,
    "maxResTime" : 886.0,
    "pct1ResTime" : 65.0,
    "pct2ResTime" : 77.79999999999995,
    "pct3ResTime" : 882.6899999999982,
    "throughput" : 1.6943409013893596,
    "receivedKBytesPerSec" : 0.7694028507285665,
    "sentKBytesPerSec" : 0.8521343400542188
  },
  "/api/auth/login-62" : {
    "transaction" : "/api/auth/login-62",
    "sampleCount" : 100,
    "errorCount" : 0,
    "errorPct" : 0.0,
    "meanResTime" : 266.83000000000004,
    "medianResTime" : 256.0,
    "minResTime" : 35.0,
    "maxResTime" : 472.0,
    "pct1ResTime" : 331.30000000000007,
    "pct2ResTime" : 343.9,
    "pct3ResTime" : 471.12999999999954,
    "throughput" : 1.713267543859649,
    "receivedKBytesPerSec" : 1.576038829067297,
    "sentKBytesPerSec" : 0.930886519582648
  },
  "/api/collegeannouncement-67" : {
    "transaction" : "/api/collegeannouncement-67",
    "sampleCount" : 100,
    "errorCount" : 0,
    "errorPct" : 0.0,
    "meanResTime" : 42.279999999999994,
    "medianResTime" : 40.0,
    "minResTime" : 36.0,
    "maxResTime" : 259.0,
    "pct1ResTime" : 44.0,
    "pct2ResTime" : 45.94999999999999,
    "pct3ResTime" : 256.94999999999897,
    "throughput" : 1.7331623279836388,
    "receivedKBytesPerSec" : 13.411697545842143,
    "sentKBytesPerSec" : 0.790416803875351
  },
  "/api/timetabledataa/ghj-78" : {
    "transaction" : "/api/timetabledataa/ghj-78",
    "sampleCount" : 100,
    "errorCount" : 0,
    "errorPct" : 0.0,
    "meanResTime" : 39.15,
    "medianResTime" : 36.0,
    "minResTime" : 33.0,
    "maxResTime" : 271.0,
    "pct1ResTime" : 39.900000000000006,
    "pct2ResTime" : 42.0,
    "pct3ResTime" : 268.7399999999989,
    "throughput" : 1.7400080040368184,
    "receivedKBytesPerSec" : 0.7731480877312036,
    "sentKBytesPerSec" : 0.25835040716187296
  },
  "/api/event/ST001-68" : {
    "transaction" : "/api/event/ST001-68",
    "sampleCount" : 100,
    "errorCount" : 0,
    "errorPct" : 0.0,
    "meanResTime" : 43.17999999999998,
    "medianResTime" : 35.0,
    "minResTime" : 32.0,
    "maxResTime" : 296.0,
    "pct1ResTime" : 40.0,
    "pct2ResTime" : 44.89999999999998,
    "pct3ResTime" : 295.96999999999997,
    "throughput" : 1.7255362103773748,
    "receivedKBytesPerSec" : 1.0637492612548098,
    "sentKBytesPerSec" : 0.7741995668904111
  },
  "/api/collegestudent/ST001-63" : {
    "transaction" : "/api/collegestudent/ST001-63",
    "sampleCount" : 100,
    "errorCount" : 0,
    "errorPct" : 0.0,
    "meanResTime" : 43.77,
    "medianResTime" : 37.0,
    "minResTime" : 33.0,
    "maxResTime" : 358.0,
    "pct1ResTime" : 43.900000000000006,
    "pct2ResTime" : 50.94999999999999,
    "pct3ResTime" : 356.76999999999936,
    "throughput" : 1.7196313110469117,
    "receivedKBytesPerSec" : 10.693319071141147,
    "sentKBytesPerSec" : 0.7866641517058742
  }
}