{
  "/api/getevents/ST001-73" : {
    "transaction" : "/api/getevents/ST001-73",
    "sampleCount" : 200,
    "errorCount" : 0,
    "errorPct" : 0.0,
    "meanResTime" : 557.5400000000002,
    "medianResTime" : 546.0,
    "minResTime" : 68.0,
    "maxResTime" : 1764.0,
    "pct1ResTime" : 935.1,
    "pct2ResTime" : 997.95,
    "pct3ResTime" : 1529.5500000000004,
    "throughput" : 3.3485693237564247,
    "receivedKBytesPerSec" : 1.464999079143436,
    "sentKBytesPerSec" : 1.6315282713429438
  },
  "/api/studentAttendancebystudentid/ST001-70" : {
    "transaction" : "/api/studentAttendancebystudentid/ST001-70",
    "sampleCount" : 200,
    "errorCount" : 0,
    "errorPct" : 0.0,
    "meanResTime" : 573.2649999999999,
    "medianResTime" : 553.0,
    "minResTime" : 47.0,
    "maxResTime" : 1627.0,
    "pct1ResTime" : 924.3000000000001,
    "pct2ResTime" : 1047.4999999999995,
    "pct3ResTime" : 1393.97,
    "throughput" : 3.3854122585777886,
    "receivedKBytesPerSec" : 2.2346531063273356,
    "sentKBytesPerSec" : 1.606500441161535
  },
  "/api/examstatus/ST001-554" : {
    "transaction" : "/api/examstatus/ST001-554",
    "sampleCount" : 200,
    "errorCount" : 100,
    "errorPct" : 50.0,
    "meanResTime" : 558.9799999999998,
    "medianResTime" : 570.0,
    "minResTime" : 65.0,
    "maxResTime" : 1599.0,
    "pct1ResTime" : 937.3000000000002,
    "pct2ResTime" : 1047.6,
    "pct3ResTime" : 1417.7100000000003,
    "throughput" : 3.384323812102342,
    "receivedKBytesPerSec" : 5.9437847950791936,
    "sentKBytesPerSec" : 1.5464938669706918
  },
  "/api/collegestudent/ST001-558" : {
    "transaction" : "/api/collegestudent/ST001-558",
    "sampleCount" : 200,
    "errorCount" : 0,
    "errorPct" : 0.0,
    "meanResTime" : 519.3650000000001,
    "medianResTime" : 539.0,
    "minResTime" : 52.0,
    "maxResTime" : 1586.0,
    "pct1ResTime" : 845.6,
    "pct2ResTime" : 1054.699999999999,
    "pct3ResTime" : 1583.89,
    "throughput" : 3.4034442856170446,
    "receivedKBytesPerSec" : 4.831046245362807,
    "sentKBytesPerSec" : 1.5685258246970935
  },
  "/api/timetabledataa/ghj-78" : {
    "transaction" : "/api/timetabledataa/ghj-78",
    "sampleCount" : 200,
    "errorCount" : 0,
    "errorPct" : 0.0,
    "meanResTime" : 569.4750000000001,
    "medianResTime" : 566.5,
    "minResTime" : 62.0,
    "maxResTime" : 1603.0,
    "pct1ResTime" : 939.9,
    "pct2ResTime" : 1064.6499999999994,
    "pct3ResTime" : 1430.6800000000003,
    "throughput" : 3.3587478587982402,
    "receivedKBytesPerSec" : 1.4924123786652337,
    "sentKBytesPerSec" : 0.5084042169079367
  },
  "/api/collegeexambysectionid/ghj-555" : {
    "transaction" : "/api/collegeexambysectionid/ghj-555",
    "sampleCount" : 200,
    "errorCount" : 0,
    "errorPct" : 0.0,
    "meanResTime" : 549.6650000000002,
    "medianResTime" : 562.0,
    "minResTime" : 49.0,
    "maxResTime" : 1504.0,
    "pct1ResTime" : 899.9000000000001,
    "pct2ResTime" : 1047.7999999999995,
    "pct3ResTime" : 1299.3900000000006,
    "throughput" : 3.3744453255496127,
    "receivedKBytesPerSec" : 3.6413692233714086,
    "sentKBytesPerSec" : 1.571885176061685
  },
  "/api/collegestudent/ST001-63" : {
    "transaction" : "/api/collegestudent/ST001-63",
    "sampleCount" : 200,
    "errorCount" : 0,
    "errorPct" : 0.0,
    "meanResTime" : 539.6549999999999,
    "medianResTime" : 532.5,
    "minResTime" : 41.0,
    "maxResTime" : 1546.0,
    "pct1ResTime" : 940.4000000000001,
    "pct2ResTime" : 1204.0999999999995,
    "pct3ResTime" : 1438.89,
    "throughput" : 3.308847859175435,
    "receivedKBytesPerSec" : 4.696770590339819,
    "sentKBytesPerSec" : 1.5249297128333663
  },
  "/api/collegestudent/ST001-556" : {
    "transaction" : "/api/collegestudent/ST001-556",
    "sampleCount" : 200,
    "errorCount" : 0,
    "errorPct" : 0.0,
    "meanResTime" : 543.9649999999999,
    "medianResTime" : 538.0,
    "minResTime" : 63.0,
    "maxResTime" : 1600.0,
    "pct1ResTime" : 946.8000000000001,
    "pct2ResTime" : 1138.1499999999994,
    "pct3ResTime" : 1549.7000000000003,
    "throughput" : 3.3821490174857103,
    "receivedKBytesPerSec" : 4.800818506485271,
    "sentKBytesPerSec" : 1.558711596754828
  },
  "/api/collegebirthdaystudent/ghj-76" : {
    "transaction" : "/api/collegebirthdaystudent/ghj-76",
    "sampleCount" : 200,
    "errorCount" : 0,
    "errorPct" : 0.0,
    "meanResTime" : 531.5349999999999,
    "medianResTime" : 547.0,
    "minResTime" : 67.0,
    "maxResTime" : 1767.0,
    "pct1ResTime" : 892.1000000000001,
    "pct2ResTime" : 1079.8999999999996,
    "pct3ResTime" : 1493.5000000000014,
    "throughput" : 3.367513596336145,
    "receivedKBytesPerSec" : 1.9205350979104578,
    "sentKBytesPerSec" : 1.568656235793302
  },
  "/api/collegestudent/ST001-553" : {
    "transaction" : "/api/collegestudent/ST001-553",
    "sampleCount" : 200,
    "errorCount" : 0,
    "errorPct" : 0.0,
    "meanResTime" : 552.1850000000001,
    "medianResTime" : 561.5,
    "minResTime" : 43.0,
    "maxResTime" : 1563.0,
    "pct1ResTime" : 874.0000000000001,
    "pct2ResTime" : 987.8,
    "pct3ResTime" : 1419.8000000000002,
    "throughput" : 3.3764962098830043,
    "receivedKBytesPerSec" : 4.7927945834669865,
    "sentKBytesPerSec" : 1.55610641977445
  },
  "/api/createstatus-559" : {
    "transaction" : "/api/createstatus-559",
    "sampleCount" : 200,
    "errorCount" : 0,
    "errorPct" : 0.0,
    "meanResTime" : 203.1450000000001,
    "medianResTime" : 232.5,
    "minResTime" : 12.0,
    "maxResTime" : 800.0,
    "pct1ResTime" : 501.9,
    "pct2ResTime" : 552.6999999999999,
    "pct3ResTime" : 797.5900000000004,
    "throughput" : 3.405124712692602,
    "receivedKBytesPerSec" : 1.5429471354388355,
    "sentKBytesPerSec" : 1.7191889418574955
  },
  "Total" : {
    "transaction" : "Total",
    "sampleCount" : 3600,
    "errorCount" : 100,
    "errorPct" : 2.7777777,
    "meanResTime" : 551.8549999999985,
    "medianResTime" : 555.0,
    "minResTime" : 12.0,
    "maxResTime" : 1984.0,
    "pct1ResTime" : 935.6000000000004,
    "pct2ResTime" : 1081.0,
    "pct3ResTime" : 1505.9799999999996,
    "throughput" : 56.4042303172738,
    "receivedKBytesPerSec" : 75.09865844104974,
    "sentKBytesPerSec" : 26.446077531335682
  },
  "/api/auth/login-62" : {
    "transaction" : "/api/auth/login-62",
    "sampleCount" : 200,
    "errorCount" : 0,
    "errorPct" : 0.0,
    "meanResTime" : 871.5750000000003,
    "medianResTime" : 837.5,
    "minResTime" : 305.0,
    "maxResTime" : 1978.0,
    "pct1ResTime" : 1161.5,
    "pct2ResTime" : 1427.95,
    "pct3ResTime" : 1932.3100000000006,
    "throughput" : 3.285097156748411,
    "receivedKBytesPerSec" : 3.09182501006061,
    "sentKBytesPerSec" : 1.812305332328641
  },
  "/api/collegeexambyexamid/Exam%20-%202-562" : {
    "transaction" : "/api/collegeexambyexamid/Exam%20-%202-562",
    "sampleCount" : 200,
    "errorCount" : 0,
    "errorPct" : 0.0,
    "meanResTime" : 502.61500000000035,
    "medianResTime" : 538.0,
    "minResTime" : 47.0,
    "maxResTime" : 1347.0,
    "pct1ResTime" : 894.3000000000002,
    "pct2ResTime" : 1049.2499999999995,
    "pct3ResTime" : 1312.0,
    "throughput" : 3.4597886069161174,
    "receivedKBytesPerSec" : 3.7402206912657636,
    "sentKBytesPerSec" : 1.6623203072292283
  },
  "Exam Module" : {
    "transaction" : "Exam Module",
    "sampleCount" : 200,
    "errorCount" : 100,
    "errorPct" : 50.0,
    "meanResTime" : 5107.24,
    "medianResTime" : 5146.0,
    "minResTime" : 1359.0,
    "maxResTime" : 8487.0,
    "pct1ResTime" : 7042.100000000001,
    "pct2ResTime" : 7606.799999999999,
    "pct3ResTime" : 8472.610000000002,
    "throughput" : 3.3052934274240195,
    "receivedKBytesPerSec" : 37.19047411851956,
    "sentKBytesPerSec" : 16.3280849749624
  },
  "/api/collegeannouncement-67" : {
    "transaction" : "/api/collegeannouncement-67",
    "sampleCount" : 200,
    "errorCount" : 0,
    "errorPct" : 0.0,
    "meanResTime" : 557.4549999999997,