{
  "/api/getevents/ST001-73" : {
    "transaction" : "/api/getevents/ST001-73",
    "sampleCount" : 300,
    "errorCount" : 97,
    "errorPct" : 32.333332,
    "meanResTime" : 4561.923333333333,
    "medianResTime" : 2031.0,
    "minResTime" : 1.0,
    "maxResTime" : 22070.0,
    "pct1ResTime" : 14464.6,
    "pct2ResTime" : 18005.299999999992,
    "pct3ResTime" : 20720.240000000005,
    "throughput" : 3.6420142766959644,
    "receivedKBytesPerSec" : 3.4722195876632838,
    "sentKBytesPerSec" : 1.212475397434808
  },
  "/api/studentAttendancebystudentid/ST001-70" : {
    "transaction" : "/api/studentAttendancebystudentid/ST001-70",
    "sampleCount" : 300,
    "errorCount" : 115,
    "errorPct" : 38.333332,
    "meanResTime" : 3852.2366666666635,
    "medianResTime" : 1987.5,
    "minResTime" : 0.0,
    "maxResTime" : 21852.0,
    "pct1ResTime" : 10191.900000000001,
    "pct2ResTime" : 14507.9,
    "pct3ResTime" : 19974.18,
    "throughput" : 3.6369367294240305,
    "receivedKBytesPerSec" : 4.352177274903925,
    "sentKBytesPerSec" : 1.0641118070120141
  },
  "/api/examstatus/ST001-554" : {
    "transaction" : "/api/examstatus/ST001-554",
    "sampleCount" : 300,
    "errorCount" : 171,
    "errorPct" : 57.0,
    "meanResTime" : 2257.5300000000016,
    "medianResTime" : 1210.5,
    "minResTime" : 0.0,
    "maxResTime" : 19256.0,
    "pct1ResTime" : 6308.000000000002,
    "pct2ResTime" : 11200.549999999992,
    "pct3ResTime" : 16439.370000000006,
    "throughput" : 3.850497997741041,
    "receivedKBytesPerSec" : 7.366321037677122,
    "sentKBytesPerSec" : 1.0438960782677893
  },
  "/api/collegestudent/ST001-558" : {
    "transaction" : "/api/collegestudent/ST001-558",
    "sampleCount" : 300,
    "errorCount" : 95,
    "errorPct" : 31.666666,
    "meanResTime" : 1743.7999999999993,
    "medianResTime" : 1035.0,
    "minResTime" : 1.0,
    "maxResTime" : 19024.0,
    "pct1ResTime" : 2663.900000000002,
    "pct2ResTime" : 7338.64999999999,
    "pct3ResTime" : 18000.050000000003,
    "throughput" : 4.919807143559972,
    "receivedKBytesPerSec" : 20.477864455213354,
    "sentKBytesPerSec" : 1.5491627103217553
  },
  "/api/timetabledataa/ghj-78" : {
    "transaction" : "/api/timetabledataa/ghj-78",
    "sampleCount" : 300,
    "errorCount" : 122,
    "errorPct" : 40.666668,
    "meanResTime" : 2805.613333333338,
    "medianResTime" : 1204.0,
    "minResTime" : 1.0,
    "maxResTime" : 18641.0,
    "pct1ResTime" : 8950.700000000003,
    "pct2ResTime" : 14068.75,
    "pct3ResTime" : 18023.460000000014,
    "throughput" : 3.732271709380443,
    "receivedKBytesPerSec" : 4.03638138762752,
    "sentKBytesPerSec" : 0.3394642051816372
  },
  "/api/collegeexambysectionid/ghj-555" : {
    "transaction" : "/api/collegeexambysectionid/ghj-555",
    "sampleCount" : 300,
    "errorCount" : 119,
    "errorPct" : 39.666668,
    "meanResTime" : 2504.270000000001,
    "medianResTime" : 860.0,
    "minResTime" : 1.0,
    "maxResTime" : 20729.0,
    "pct1ResTime" : 9109.900000000009,
    "pct2ResTime" : 14832.149999999998,
    "pct3ResTime" : 19231.260000000006,
    "throughput" : 3.892565200467108,
    "receivedKBytesPerSec" : 5.39134218486441,
    "sentKBytesPerSec" : 1.1031975801219671
  },
  "/api/collegestudent/ST001-63" : {
    "transaction" : "/api/collegestudent/ST001-63",
    "sampleCount" : 300,
    "errorCount" : 59,
    "errorPct" : 19.666666,
    "meanResTime" : 4571.13,
    "medianResTime" : 4011.0,
    "minResTime" : 5.0,
    "maxResTime" : 18033.0,
    "pct1ResTime" : 10106.000000000002,
    "pct2ResTime" : 12042.1,
    "pct3ResTime" : 13629.410000000002,
    "throughput" : 3.7330147827385396,
    "receivedKBytesPerSec" : 15.25020385760415,
    "sentKBytesPerSec" : 1.3819810292855008
  },
  "/api/collegestudent/ST001-556" : {
    "transaction" : "/api/collegestudent/ST001-556",
    "sampleCount" : 300,
    "errorCount" : 124,
    "errorPct" : 41.333332,
    "meanResTime" : 1867.6833333333336,
    "medianResTime" : 1040.5,
    "minResTime" : 0.0,
    "maxResTime" : 20198.0,
    "pct1ResTime" : 5226.5,
    "pct2ResTime" : 10127.59999999998,
    "pct3ResTime" : 17380.99,
    "throughput" : 4.12751262330944,
    "receivedKBytesPerSec" : 6.9547109752280445,
    "sentKBytesPerSec" : 1.1159735383445921
  },
  "/api/collegebirthdaystudent/ghj-76" : {
    "transaction" : "/api/collegebirthdaystudent/ghj-76",
    "sampleCount" : 300,
    "errorCount" : 102,
    "errorPct" : 34.0,
    "meanResTime" : 3176.5733333333324,
    "medianResTime" : 1605.5,
    "minResTime" : 1.0,
    "maxResTime" : 20753.0,
    "pct1ResTime" : 9080.100000000008,
    "pct2ResTime" : 16522.199999999997,
    "pct3ResTime" : 18783.760000000002,
    "throughput" : 3.630466878040516,
    "receivedKBytesPerSec" : 3.8822359742962944,
    "sentKBytesPerSec" : 1.1138986184560835
  },
  "/api/collegestudent/ST001-553" : {
    "transaction" : "/api/collegestudent/ST001-553",
    "sampleCount" : 300,
    "errorCount" : 110,
    "errorPct" : 36.666668,
    "meanResTime" : 3166.1200000000013,
    "medianResTime" : 1270.0,
    "minResTime" : 1.0,
    "maxResTime" : 21422.0,
    "pct1ResTime" : 10465.200000000003,
    "pct2ResTime" : 16463.149999999998,
    "pct3ResTime" : 20531.55,
    "throughput" : 3.700962250185048,
    "receivedKBytesPerSec" : 6.124249205835183,
    "sentKBytesPerSec" : 1.08015811975697
  },
  "/api/createstatus-559" : {
    "transaction" : "/api/createstatus-559",
    "sampleCount" : 300,
    "errorCount" : 103,
    "errorPct" : 34.333332,
    "meanResTime" : 980.9666666666665,
    "medianResTime" : 78.0,
    "minResTime" : 1.0,
    "maxResTime" : 18929.0,
    "pct1ResTime" : 1721.000000000002,
    "pct2ResTime" : 6942.85,
    "pct3ResTime" : 13461.930000000006,
    "throughput" : 4.508566275924256,
    "receivedKBytesPerSec" : 4.5326941501352565,
    "sentKBytesPerSec" : 1.4947687716035467
  },
  "Total" : {
    "transaction" : "Total",
    "sampleCount" : 5400,
    "errorCount" : 1729,
    "errorPct" : 32.01852,
    "meanResTime" : 3256.9648148148362,
    "medianResTime" : 1051.0,
    "minResTime" : 0.0,
    "maxResTime" : 42764.0,
    "pct1ResTime" : 10922.500000000007,
    "pct2ResTime" : 16101.499999999998,
    "pct3ResTime" : 19978.96,
    "throughput" : 57.97599364411329,
    "receivedKBytesPerSec" : 104.91452021845677,
    "sentKBytesPerSec" : 18.853605247901054
  },
  "/api/auth/login-62" : {
    "transaction" : "/api/auth/login-62",
    "sampleCount" : 300,
    "errorCount" : 1,
    "errorPct" : 0.33333334,
    "meanResTime" : 11150.036666666667,
    "medianResTime" : 10644.0,
    "minResTime" : 483.0,
    "maxResTime" : 42764.0,
    "pct1ResTime" : 19468.000000000004,
    "pct2ResTime" : 21126.199999999997,
    "pct3ResTime" : 24445.020000000008,
    "throughput" : 3.732968331985317,
    "receivedKBytesPerSec" : 3.5094155377029805,
    "sentKBytesPerSec" : 2.059329893299322
  },
  "/api/collegeexambyexamid/Exam%20-%202-562" : {
    "transaction" : "/api/collegeexambyexamid/Exam%20-%202-562",
    "sampleCount" : 300,
    "errorCount" : 44,
    "errorPct" : 14.666667,
    "meanResTime" : 909.7099999999991,
    "medianResTime" : 179.5,
    "minResTime" : 0.0,
    "maxResTime" : 18556.0,
    "pct1ResTime" : 1411.5000000000005,
    "pct2ResTime" : 2841.149999999996,
    "pct3ResTime" : 17756.470000000005,
    "throughput" : 6.378228978420325,
    "receivedKBytesPerSec" : 5.983804447485915,
    "sentKBytesPerSec" : 2.564745668119486
  },
  "Exam Module" : {
    "transaction" : "Exam Module",
    "sampleCount" : 300,
    "errorCount" : 299,
    "errorPct" : 99.666664,
    "meanResTime" : 17569.926666666677,
    "medianResTime" : 7488.5,
    "minResTime" : 3170.0,
    "maxResTime" : 64658.0,
    "pct1ResTime" : 48951.200000000026,
    "pct2ResTime" : 55555.5,
    "pct3ResTime" : 62404.07,
    "throughput" : 3.6004464553604647,
    "receivedKBytesPerSec" : 57.999676334865526,
    "sentKBytesPerSec" : 11.881063095573852
  },