{
  "/api/getevents/ST001-73" : {
    "transaction" : "/api/getevents/ST001-73",
    "sampleCount" : 200,
    "errorCount" : 59,
    "errorPct" : 29.5,
    "meanResTime" : 2559.4100000000003,
    "medianResTime" : 954.5,
    "minResTime" : 1.0,
    "maxResTime" : 21549.0,
    "pct1ResTime" : 6298.600000000004,
    "pct2ResTime" : 11515.7,
    "pct3ResTime" : 21075.76000000001,
    "throughput" : 6.218325404968442,
    "receivedKBytesPerSec" : 5.702854162780214,
    "sentKBytesPerSec" : 2.1438344817803068
  },
  "/api/collegebirthdaystudent/ghj-76" : {
    "transaction" : "/api/collegebirthdaystudent/ghj-76",
    "sampleCount" : 200,
    "errorCount" : 27,
    "errorPct" : 13.5,
    "meanResTime" : 1156.6799999999998,
    "medianResTime" : 847.5,
    "minResTime" : 5.0,
    "maxResTime" : 16046.0,
    "pct1ResTime" : 1944.0000000000011,
    "pct2ResTime" : 5548.25,
    "pct3ResTime" : 11224.16000000004,
    "throughput" : 7.615276244145757,
    "receivedKBytesPerSec" : 5.441352853824772,
    "sentKBytesPerSec" : 3.0572656874690627
  },
  "Total" : {
    "transaction" : "Total",
    "sampleCount" : 1800,
    "errorCount" : 461,
    "errorPct" : 25.61111,
    "meanResTime" : 3992.63999999999,
    "medianResTime" : 1564.0,
    "minResTime" : 1.0,
    "maxResTime" : 25839.0,
    "pct1ResTime" : 11733.6,
    "pct2ResTime" : 16281.349999999999,
    "pct3ResTime" : 21240.53,
    "throughput" : 39.64408422165448,
    "receivedKBytesPerSec" : 783.8972406065544,
    "sentKBytesPerSec" : 13.121370260604792
  },
  "/api/studentAttendancebystudentid/ST001-70" : {
    "transaction" : "/api/studentAttendancebystudentid/ST001-70",
    "sampleCount" : 200,
    "errorCount" : 89,
    "errorPct" : 44.5,
    "meanResTime" : 2552.5149999999994,
    "medianResTime" : 639.5,
    "minResTime" : 1.0,
    "maxResTime" : 22420.0,
    "pct1ResTime" : 8419.900000000012,
    "pct2ResTime" : 11524.5,
    "pct3ResTime" : 21075.270000000004,
    "throughput" : 5.956103517079127,
    "receivedKBytesPerSec" : 7.3755639685517735,
    "sentKBytesPerSec" : 1.5630409351827035
  },
  "/api/auth/login-61" : {
    "transaction" : "/api/auth/login-61",
    "sampleCount" : 200,
    "errorCount" : 14,
    "errorPct" : 7.0,
    "meanResTime" : 5182.984999999998,
    "medianResTime" : 3529.0,
    "minResTime" : 69.0,
    "maxResTime" : 19948.0,
    "pct1ResTime" : 15884.7,
    "pct2ResTime" : 18548.2,
    "pct3ResTime" : 19867.510000000002,
    "throughput" : 5.852059925093633,
    "receivedKBytesPerSec" : 2.7334377560276217,
    "sentKBytesPerSec" : 2.9431746693586143
  },
  "/api/auth/login-62" : {
    "transaction" : "/api/auth/login-62",
    "sampleCount" : 200,
    "errorCount" : 66,
    "errorPct" : 33.0,
    "meanResTime" : 5216.074999999996,
    "medianResTime" : 3465.5,
    "minResTime" : 1.0,
    "maxResTime" : 25728.0,
    "pct1ResTime" : 14292.1,
    "pct2ResTime" : 15878.55,
    "pct3ResTime" : 25428.520000000077,
    "throughput" : 5.159027007506385,
    "receivedKBytesPerSec" : 6.69272915753089,
    "sentKBytesPerSec" : 1.8785609377821342
  },
  "/api/collegeannouncement-67" : {
    "transaction" : "/api/collegeannouncement-67",
    "sampleCount" : 200,
    "errorCount" : 58,
    "errorPct" : 29.0,
    "meanResTime" : 4150.574999999999,
    "medianResTime" : 4403.5,
    "minResTime" : 1.0,
    "maxResTime" : 17494.0,
    "pct1ResTime" : 6927.6,
    "pct2ResTime" : 12284.0,
    "pct3ResTime" : 17411.910000000003,
    "throughput" : 5.144694533762058,
    "receivedKBytesPerSec" : 31.342368368167204,
    "sentKBytesPerSec" : 1.6658460610932475
  },
  "/api/timetabledataa/ghj-78" : {
    "transaction" : "/api/timetabledataa/ghj-78",
    "sampleCount" : 200,
    "errorCount" : 37,
    "errorPct" : 18.5,
    "meanResTime" : 1569.9050000000004,
    "medianResTime" : 796.0,
    "minResTime" : 1.0,
    "maxResTime" : 22207.0,
    "pct1ResTime" : 4650.400000000001,
    "pct2ResTime" : 5573.099999999999,
    "pct3ResTime" : 15996.020000000062,
    "throughput" : 6.412517233640065,
    "receivedKBytesPerSec" : 4.762170757318286,
    "sentKBytesPerSec" : 0.7807740709865658
  },
  "/api/event/ST001-68" : {
    "transaction" : "/api/event/ST001-68",
    "sampleCount" : 200,
    "errorCount" : 90,
    "errorPct" : 45.0,
    "meanResTime" : 3460.359999999999,
    "medianResTime" : 2255.0,
    "minResTime" : 1.0,
    "maxResTime" : 17399.0,
    "pct1ResTime" : 11287.400000000005,
    "pct2ResTime" : 15849.649999999958,
    "pct3ResTime" : 17170.82,
    "throughput" : 5.076528669695662,
    "receivedKBytesPerSec" : 22.215414958626294,
    "sentKBytesPerSec" : 1.2565152089626115
  },
  "/api/collegestudent/ST001-63" : {
    "transaction" : "/api/collegestudent/ST001-63",
    "sampleCount" : 200,
    "errorCount" : 21,
    "errorPct" : 10.5,
    "meanResTime" : 10085.254999999997,
    "medianResTime" : 8710.5,
    "minResTime" : 4.0,
    "maxResTime" : 25839.0,
    "pct1ResTime" : 20528.4,
    "pct2ResTime" : 21637.399999999998,
    "pct3ResTime" : 25661.320000000018,
    "throughput" : 4.831151263346055,
    "receivedKBytesPerSec" : 783.2026060286728,
    "sentKBytesPerSec" : 1.980913555606551
  }
}