{
  "/api/getevents/ST001-73" : {
    "transaction" : "/api/getevents/ST001-73",
    "sampleCount" : 200,
    "errorCount" : 0,
    "errorPct" : 0.0,
    "meanResTime" : 185.55500000000012,
    "medianResTime" : 246.0,
    "minResTime" : 33.0,
    "maxResTime" : 544.0,
    "pct1ResTime" : 284.9,
    "pct2ResTime" : 317.84999999999997,
    "pct3ResTime" : 541.94,
    "throughput" : 3.4985830738550887,
    "receivedKBytesPerSec" : 1.5316721532466853,
    "sentKBytesPerSec" : 1.693532869187979
  },
  "/api/collegebirthdaystudent/ghj-76" : {
    "transaction" : "/api/collegebirthdaystudent/ghj-76",
    "sampleCount" : 200,
    "errorCount" : 0,
    "errorPct" : 0.0,
    "meanResTime" : 184.45000000000005,
    "medianResTime" : 246.5,
    "minResTime" : 36.0,
    "maxResTime" : 545.0,
    "pct1ResTime" : 285.0,
    "pct2ResTime" : 313.84999999999997,
    "pct3ResTime" : 530.7800000000002,
    "throughput" : 3.5254093881652007,
    "receivedKBytesPerSec" : 1.7799186071107507,
    "sentKBytesPerSec" : 1.6319478107207699
  },
  "Total" : {
    "transaction" : "Total",
    "sampleCount" : 1800,
    "errorCount" : 0,
    "errorPct" : 0.0,
    "meanResTime" : 163.16611111111123,
    "medianResTime" : 236.0,
    "minResTime" : 16.0,
    "maxResTime" : 788.0,
    "pct1ResTime" : 284.9000000000001,
    "pct2ResTime" : 314.0,
    "pct3ResTime" : 536.0,
    "throughput" : 30.035040881027864,
    "receivedKBytesPerSec" : 51.82939666590189,
    "sentKBytesPerSec" : 13.268767989738027
  },
  "/api/studentAttendancebystudentid/ST001-70" : {
    "transaction" : "/api/studentAttendancebystudentid/ST001-70",
    "sampleCount" : 200,
    "errorCount" : 0,
    "errorPct" : 0.0,
    "meanResTime" : 155.34500000000008,
    "medianResTime" : 44.0,
    "minResTime" : 16.0,
    "maxResTime" : 539.0,
    "pct1ResTime" : 289.9,
    "pct2ResTime" : 338.39999999999986,
    "pct3ResTime" : 499.95000000000005,
    "throughput" : 3.4721016631366965,
    "receivedKBytesPerSec" : 2.351179076898372,
    "sentKBytesPerSec" : 1.6366347956668172
  },
  "/api/auth/login-61" : {
    "transaction" : "/api/auth/login-61",
    "sampleCount" : 200,
    "errorCount" : 0,
    "errorPct" : 0.0,
    "meanResTime" : 96.11999999999998,
    "medianResTime" : 56.0,
    "minResTime" : 44.0,
    "maxResTime" : 685.0,
    "pct1ResTime" : 243.6000000000002,
    "pct2ResTime" : 307.74999999999994,
    "pct3ResTime" : 578.97,
    "throughput" : 3.366493292262115,
    "receivedKBytesPerSec" : 1.5287298641619957,
    "sentKBytesPerSec" : 1.6931094194482317
  },
  "/api/auth/login-62" : {
    "transaction" : "/api/auth/login-62",
    "sampleCount" : 200,
    "errorCount" : 0,
    "errorPct" : 0.0,
    "meanResTime" : 279.8299999999999,
    "medianResTime" : 260.0,
    "minResTime" : 40.0,
    "maxResTime" : 788.0,
    "pct1ResTime" : 312.8,
    "pct2ResTime" : 402.09999999999957,
    "pct3ResTime" : 776.810000000002,
    "throughput" : 3.3852403520649967,
    "receivedKBytesPerSec" : 3.1236445814996614,
    "sentKBytesPerSec" : 1.8402285566181449
  },
  "/api/collegeannouncement-67" : {
    "transaction" : "/api/collegeannouncement-67",
    "sampleCount" : 200,
    "errorCount" : 0,
    "errorPct" : 0.0,
    "meanResTime" : 172.72500000000002,
    "medianResTime" : 247.0,
    "minResTime" : 36.0,
    "maxResTime" : 540.0,
    "pct1ResTime" : 286.8,
    "pct2ResTime" : 306.9,
    "pct3ResTime" : 479.99,
    "throughput" : 3.471679772257807,
    "receivedKBytesPerSec" : 26.864834487666858,
    "sentKBytesPerSec" : 1.5832758336371053
  },
  "/api/timetabledataa/ghj-78" : {
    "transaction" : "/api/timetabledataa/ghj-78",
    "sampleCount" : 200,
    "errorCount" : 0,
    "errorPct" : 0.0,
    "meanResTime" : 140.39000000000007,
    "medianResTime" : 44.5,
    "minResTime" : 32.0,
    "maxResTime" : 532.0,
    "pct1ResTime" : 273.8,
    "pct2ResTime" : 290.84999999999997,
    "pct3ResTime" : 487.2700000000016,
    "throughput" : 3.5254715318173804,
    "receivedKBytesPerSec" : 1.566493698219637,
    "sentKBytesPerSec" : 0.5233810373699983
  },
  "/api/event/ST001-68" : {
    "transaction" : "/api/event/ST001-68",
    "sampleCount" : 200,
    "errorCount" : 0,
    "errorPct" : 0.0,
    "meanResTime" : 197.08,
    "medianResTime" : 250.5,
    "minResTime" : 31.0,
    "maxResTime" : 767.0,
    "pct1ResTime" : 309.8,
    "pct2ResTime" : 360.34999999999985,
    "pct3ResTime" : 761.97,
    "throughput" : 3.4285322453457674,
    "receivedKBytesPerSec" : 1.9189568637072718,
    "sentKBytesPerSec" : 1.5390895532622484
  },
  "/api/collegestudent/ST001-63" : {
    "transaction" : "/api/collegestudent/ST001-63",
    "sampleCount" : 200,
    "errorCount" : 0,
    "errorPct" : 0.0,
    "meanResTime" : 56.99999999999998,
    "medianResTime" : 38.0,
    "minResTime" : 31.0,
    "maxResTime" : 549.0,
    "pct1ResTime" : 46.0,
    "pct2ResTime" : 253.74999999999994,
    "pct3ResTime" : 535.5700000000004,
    "throughput" : 3.399510470492249,
    "receivedKBytesPerSec" : 12.889887996753467,
    "sentKBytesPerSec" : 1.555940007138972
  }
}