{
  "/api/getevents/ST001-73" : {
    "transaction" : "/api/getevents/ST001-73",
    "sampleCount" : 100,
    "errorCount" : 0,
    "errorPct" : 0.0,
    "meanResTime" : 1365.2599999999998,
    "medianResTime" : 904.0,
    "minResTime" : 312.0,
    "maxResTime" : 7041.0,
    "pct1ResTime" : 3842.3000000000015,
    "pct2ResTime" : 4024.0499999999997,
    "pct3ResTime" : 7036.429999999998,
    "throughput" : 4.7555640098915735,
    "receivedKBytesPerSec" : 2.0805592543275635,
    "sentKBytesPerSec" : 2.3171299873977556
  },
  "/api/studentAttendancebystudentid/ST001-70" : {
    "transaction" : "/api/studentAttendancebystudentid/ST001-70",
    "sampleCount" : 100,
    "errorCount" : 0,
    "errorPct" : 0.0,
    "meanResTime" : 1935.1200000000003,
    "medianResTime" : 917.5,
    "minResTime" : 318.0,
    "maxResTime" : 9814.0,
    "pct1ResTime" : 5962.000000000005,
    "pct2ResTime" : 6744.9,
    "pct3ResTime" : 9802.989999999994,
    "throughput" : 4.553526706434133,
    "receivedKBytesPerSec" : 3.0057723065889532,
    "sentKBytesPerSec" : 2.1608796559810575
  },
  "/api/examstatus/ST001-554" : {
    "transaction" : "/api/examstatus/ST001-554",
    "sampleCount" : 100,
    "errorCount" : 0,
    "errorPct" : 0.0,
    "meanResTime" : 863.5900000000006,
    "medianResTime" : 915.5,
    "minResTime" : 238.0,
    "maxResTime" : 3384.0,
    "pct1ResTime" : 1107.0,
    "pct2ResTime" : 1206.55,
    "pct3ResTime" : 3362.8399999999892,
    "throughput" : 11.936022917164001,
    "receivedKBytesPerSec" : 33.46912113571258,
    "sentKBytesPerSec" : 5.454436097517307
  },
  "/api/collegestudent/ST001-558" : {
    "transaction" : "/api/collegestudent/ST001-558",
    "sampleCount" : 100,
    "errorCount" : 0,
    "errorPct" : 0.0,
    "meanResTime" : 1142.22,
    "medianResTime" : 1135.0,
    "minResTime" : 289.0,
    "maxResTime" : 3853.0,
    "pct1ResTime" : 1515.8,
    "pct2ResTime" : 1706.95,
    "pct3ResTime" : 3837.9899999999925,
    "throughput" : 10.695187165775401,
    "receivedKBytesPerSec" : 15.179227941176471,
    "sentKBytesPerSec" : 4.929186163101605
  },
  "/api/timetabledataa/ghj-78" : {
    "transaction" : "/api/timetabledataa/ghj-78",
    "sampleCount" : 100,
    "errorCount" : 0,
    "errorPct" : 0.0,
    "meanResTime" : 1360.2799999999997,
    "medianResTime" : 956.5,
    "minResTime" : 218.0,
    "maxResTime" : 7687.0,
    "pct1ResTime" : 3390.000000000001,
    "pct2ResTime" : 6202.049999999977,
    "pct3ResTime" : 7677.629999999996,
    "throughput" : 5.717552887364208,
    "receivedKBytesPerSec" : 2.5399558676386507,
    "sentKBytesPerSec" : 0.8651148870783305
  },
  "/api/collegeexambysectionid/ghj-555" : {
    "transaction" : "/api/collegeexambysectionid/ghj-555",
    "sampleCount" : 100,
    "errorCount" : 0,
    "errorPct" : 0.0,
    "meanResTime" : 820.66,
    "medianResTime" : 876.0,
    "minResTime" : 112.0,
    "maxResTime" : 2301.0,
    "pct1ResTime" : 1158.5,
    "pct2ResTime" : 1243.6,
    "pct3ResTime" : 2300.39,
    "throughput" : 11.827321111768185,
    "receivedKBytesPerSec" : 12.694041986989946,
    "sentKBytesPerSec" : 5.508713409225311
  },
  "/api/collegestudent/ST001-63" : {
    "transaction" : "/api/collegestudent/ST001-63",
    "sampleCount" : 100,
    "errorCount" : 1,
    "errorPct" : 1.0,
    "meanResTime" : 3616.7700000000004,
    "medianResTime" : 3326.5,
    "minResTime" : 185.0,
    "maxResTime" : 8609.0,
    "pct1ResTime" : 6695.800000000001,
    "pct2ResTime" : 7474.0499999999965,
    "pct3ResTime" : 8604.459999999997,
    "throughput" : 3.9252629926205054,
    "receivedKBytesPerSec" : 5.596106384440258,
    "sentKBytesPerSec" : 1.7909779056759303
  },
  "/api/collegestudent/ST001-556" : {
    "transaction" : "/api/collegestudent/ST001-556",
    "sampleCount" : 100,
    "errorCount" : 0,
    "errorPct" : 0.0,
    "meanResTime" : 988.3700000000001,
    "medianResTime" : 1003.0,
    "minResTime" : 262.0,
    "maxResTime" : 4060.0,
    "pct1ResTime" : 1477.3,
    "pct2ResTime" : 1534.85,
    "pct3ResTime" : 4039.8499999999894,
    "throughput" : 10.925379656943079,
    "receivedKBytesPerSec" : 15.505930432645034,
    "sentKBytesPerSec" : 5.035277026657926
  },
  "/api/collegebirthdaystudent/ghj-76" : {
    "transaction" : "/api/collegebirthdaystudent/ghj-76",
    "sampleCount" : 100,
    "errorCount" : 0,
    "errorPct" : 0.0,
    "meanResTime" : 1024.79,
    "medianResTime" : 940.0,
    "minResTime" : 189.0,
    "maxResTime" : 4394.0,
    "pct1ResTime" : 1248.7,
    "pct2ResTime" : 2219.5999999999885,
    "pct3ResTime" : 4389.089999999997,
    "throughput" : 8.475294516484448,
    "receivedKBytesPerSec" : 4.827358912831596,
    "sentKBytesPerSec" : 3.947467740910247
  },
  "/api/collegestudent/ST001-553" : {
    "transaction" : "/api/collegestudent/ST001-553",
    "sampleCount" : 100,
    "errorCount" : 0,
    "errorPct" : 0.0,
    "meanResTime" : 806.7099999999997,
    "medianResTime" : 846.0,
    "minResTime" : 238.0,
    "maxResTime" : 3371.0,
    "pct1ResTime" : 1139.6000000000001,
    "pct2ResTime" : 1237.5999999999997,
    "pct3ResTime" : 3350.48999999999,
    "throughput" : 9.539254030334828,
    "receivedKBytesPerSec" : 13.538660807974816,
    "sentKBytesPerSec" : 4.396440963941619
  },
  "/api/createstatus-559" : {
    "transaction" : "/api/createstatus-559",
    "sampleCount" : 100,
    "errorCount" : 0,
    "errorPct" : 0.0,
    "meanResTime" : 58.93999999999999,
    "medianResTime" : 40.5,
    "minResTime" : 12.0,
    "maxResTime" : 166.0,
    "pct1ResTime" : 134.8,
    "pct2ResTime" : 153.39999999999986,
    "pct3ResTime" : 166.0,
    "throughput" : 11.300711944852527,
    "receivedKBytesPerSec" : 5.120635100011301,
    "sentKBytesPerSec" : 5.705535229969488
  },
  "Total" : {
    "transaction" : "Total",
    "sampleCount" : 1800,
    "errorCount" : 2,
    "errorPct" : 0.11111111,
    "meanResTime" : 1629.1522222222218,
    "medianResTime" : 966.0,
    "minResTime" : 12.0,
    "maxResTime" : 19403.0,
    "pct1ResTime" : 4227.9,
    "pct2ResTime" : 6302.0,
    "pct3ResTime" : 8506.140000000003,
    "throughput" : 46.915317851278445,
    "receivedKBytesPerSec" : 65.19030025803426,
    "sentKBytesPerSec" : 21.970378189590015
  },
  "/api/auth/login-62" : {
    "transaction" : "/api/auth/login-62",
    "sampleCount" : 100,
    "errorCount" : 0,
    "errorPct" : 0.0,
    "meanResTime" : 5390.169999999999,
    "medianResTime" : 5382.0,
    "minResTime" : 810.0,
    "maxResTime" : 19403.0,
    "pct1ResTime" : 8915.0,
    "pct2ResTime" : 9505.55,
    "pct3ResTime" : 19372.499999999985,
    "throughput" : 4.045634760093859,
    "receivedKBytesPerSec" : 3.8077166690266204,
    "sentKBytesPerSec" : 2.2318945201877174
  },
  "/api/collegeexambyexamid/Exam%20-%202-562" : {
    "transaction" : "/api/collegeexambyexamid/Exam%20-%202-562",
    "sampleCount" : 100,
    "errorCount" : 0,
    "errorPct" : 0.0,
    "meanResTime" : 741.6500000000001,
    "medianResTime" : 678.0,
    "minResTime" : 76.0,
    "maxResTime" : 1785.0,
    "pct1ResTime" : 1367.9000000000003,
    "pct2ResTime" : 1507.1499999999992,
    "pct3ResTime" : 1783.1699999999992,
    "throughput" : 13.815971262779774,
    "receivedKBytesPerSec" : 14.840700771967393,
    "sentKBytesPerSec" : 6.634904324399005
  },
  "Exam Module" : {
    "transaction" : "Exam Module",
    "sampleCount" : 100,
    "errorCount" : 0,
    "errorPct" : 0.0,
    "meanResTime" : 8341.360000000006,
    "medianResTime" : 8218.5,
    "minResTime" : 4953.0,
    "maxResTime" : 11710.0,
    "pct1ResTime" : 9060.2,
    "pct2ResTime" : 9472.0,
    "pct3ResTime" : 11702.219999999996,
    "throughput" : 5.938947618482005,
    "receivedKBytesPerSec" : 72.90939764223779,
    "sentKBytesPerSec" : 29.332079503949398
  },
  "/api/collegeannouncement-67" : {
    "transaction" : "/api/collegeannouncement-67",
    "sampleCount" : 100,
    "errorCount" : 0,
    "errorPct" : 0.0,
    "meanResTime" : 2693.9300000000007,
    "medianResTime" : 1692.0,
    "minResTime" : 409.0,