{
  "/api/getevents/ST001-73" : {
    "transaction" : "/api/getevents/ST001-73",
    "sampleCount" : 100,
    "errorCount" : 0,
    "errorPct" : 0.0,
    "meanResTime" : 57.08999999999999,
    "medianResTime" : 38.0,
    "minResTime" : 16.0,
    "maxResTime" : 263.0,
    "pct1ResTime" : 66.80000000000013,
    "pct2ResTime" : 249.89999999999998,
    "pct3ResTime" : 262.92999999999995,
    "throughput" : 2.3187868107406207,
    "receivedKBytesPerSec" : 1.0158505382483884,
    "sentKBytesPerSec" : 1.1218942749153644
  },
  "/api/collegebirthdaystudent/ghj-76" : {
    "transaction" : "/api/collegebirthdaystudent/ghj-76",
    "sampleCount" : 100,
    "errorCount" : 0,
    "errorPct" : 0.0,
    "meanResTime" : 129.63000000000002,
    "medianResTime" : 44.0,
    "minResTime" : 37.0,
    "maxResTime" : 305.0,
    "pct1ResTime" : 257.8,
    "pct2ResTime" : 267.9,
    "pct3ResTime" : 304.8399999999999,
    "throughput" : 2.331219694143976,
    "receivedKBytesPerSec" : 1.1769927557348003,
    "sentKBytesPerSec" : 1.0791908045039165
  },
  "Total" : {
    "transaction" : "Total",
    "sampleCount" : 900,
    "errorCount" : 0,
    "errorPct" : 0.0,
    "meanResTime" : 90.76999999999995,
    "medianResTime" : 40.0,
    "minResTime" : 14.0,
    "maxResTime" : 584.0,
    "pct1ResTime" : 253.0,
    "pct2ResTime" : 261.0,
    "pct3ResTime" : 300.97,
    "throughput" : 20.061074827809108,
    "receivedKBytesPerSec" : 40.14494039492455,
    "sentKBytesPerSec" : 8.859916231081293
  },
  "/api/studentAttendancebystudentid/ST001-70" : {
    "transaction" : "/api/studentAttendancebystudentid/ST001-70",
    "sampleCount" : 100,
    "errorCount" : 0,
    "errorPct" : 0.0,
    "meanResTime" : 43.050000000000004,
    "medianResTime" : 37.5,
    "minResTime" : 14.0,
    "maxResTime" : 324.0,
    "pct1ResTime" : 42.0,
    "pct2ResTime" : 46.849999999999966,
    "pct3ResTime" : 323.2899999999996,
    "throughput" : 2.318840579710145,
    "receivedKBytesPerSec" : 1.56700634057971,
    "sentKBytesPerSec" : 1.092481884057971
  },
  "/api/auth/login-61" : {
    "transaction" : "/api/auth/login-61",
    "sampleCount" : 100,
    "errorCount" : 0,
    "errorPct" : 0.0,
    "meanResTime" : 68.28000000000003,
    "medianResTime" : 55.0,
    "minResTime" : 46.0,
    "maxResTime" : 584.0,
    "pct1ResTime" : 71.9,
    "pct2ResTime" : 75.89999999999998,
    "pct3ResTime" : 581.4699999999987,
    "throughput" : 2.256114069127335,
    "receivedKBytesPerSec" : 1.0245049239689559,
    "sentKBytesPerSec" : 1.134666743750564
  },
  "/api/auth/login-62" : {
    "transaction" : "/api/auth/login-62",
    "sampleCount" : 100,
    "errorCount" : 0,
    "errorPct" : 0.0,
    "meanResTime" : 257.27,
    "medianResTime" : 253.0,
    "minResTime" : 34.0,
    "maxResTime" : 487.0,
    "pct1ResTime" : 275.70000000000005,
    "pct2ResTime" : 293.84999999999997,
    "pct3ResTime" : 485.3399999999991,
    "throughput" : 2.2740710419793513,
    "receivedKBytesPerSec" : 2.09192328137081,
    "sentKBytesPerSec" : 1.2355934046254606
  },
  "/api/collegeannouncement-67" : {
    "transaction" : "/api/collegeannouncement-67",
    "sampleCount" : 100,
    "errorCount" : 0,
    "errorPct" : 0.0,
    "meanResTime" : 47.21999999999999,
    "medianResTime" : 40.0,
    "minResTime" : 37.0,
    "maxResTime" : 260.0,
    "pct1ResTime" : 47.900000000000006,
    "pct2ResTime" : 51.0,
    "pct3ResTime" : 259.81999999999994,
    "throughput" : 2.3085624581573057,
    "receivedKBytesPerSec" : 17.864305584412588,
    "sentKBytesPerSec" : 1.0528307304291618
  },
  "/api/timetabledataa/ghj-78" : {
    "transaction" : "/api/timetabledataa/ghj-78",
    "sampleCount" : 100,
    "errorCount" : 0,
    "errorPct" : 0.0,
    "meanResTime" : 127.44000000000007,
    "medianResTime" : 39.5,
    "minResTime" : 33.0,
    "maxResTime" : 298.0,
    "pct1ResTime" : 258.8,
    "pct2ResTime" : 267.84999999999997,
    "pct3ResTime" : 297.92999999999995,
    "throughput" : 2.3188943511733604,
    "receivedKBytesPerSec" : 1.0303680954920693,
    "sentKBytesPerSec" : 0.3443014620628884
  },
  "/api/event/ST001-68" : {
    "transaction" : "/api/event/ST001-68",
    "sampleCount" : 100,
    "errorCount" : 0,
    "errorPct" : 0.0,
    "meanResTime" : 43.18000000000001,
    "medianResTime" : 36.0,
    "minResTime" : 32.0,
    "maxResTime" : 252.0,
    "pct1ResTime" : 44.0,
    "pct2ResTime" : 45.0,
    "pct3ResTime" : 251.91999999999996,
    "throughput" : 2.297477369847907,
    "receivedKBytesPerSec" : 1.4163364641248908,
    "sentKBytesPerSec" : 1.0308134792997288
  },
  "/api/collegestudent/ST001-63" : {
    "transaction" : "/api/collegestudent/ST001-63",
    "sampleCount" : 100,
    "errorCount" : 0,
    "errorPct" : 0.0,
    "meanResTime" : 43.77,
    "medianResTime" : 37.0,
    "minResTime" : 33.0,
    "maxResTime" : 398.0,
    "pct1ResTime" : 44.0,
    "pct2ResTime" : 46.94999999999999,
    "pct3ResTime" : 396.51999999999924,
    "throughput" : 2.2860800585236496,
    "receivedKBytesPerSec" : 14.215712013922227,
    "sentKBytesPerSec" : 1.0457923267722835
  }
}