{
  "/api/getevents/ST001-73" : {
    "transaction" : "/api/getevents/ST001-73",
    "sampleCount" : 300,
    "errorCount" : 125,
    "errorPct" : 41.666668,
    "meanResTime" : 3518.3033333333333,
    "medianResTime" : 590.5,
    "minResTime" : 1.0,
    "maxResTime" : 26972.0,
    "pct1ResTime" : 13604.300000000001,
    "pct2ResTime" : 14916.25,
    "pct3ResTime" : 15628.8,
    "throughput" : 6.627344423089668,
    "receivedKBytesPerSec" : 7.505942173658514,
    "sentKBytesPerSec" : 1.860035835984271
  },
  "/api/collegebirthdaystudent/ghj-76" : {
    "transaction" : "/api/collegebirthdaystudent/ghj-76",
    "sampleCount" : 300,
    "errorCount" : 64,
    "errorPct" : 21.333334,
    "meanResTime" : 2093.0833333333376,
    "medianResTime" : 818.0,
    "minResTime" : 1.0,
    "maxResTime" : 15588.0,
    "pct1ResTime" : 5248.800000000007,
    "pct2ResTime" : 12746.199999999999,
    "pct3ResTime" : 15331.37,
    "throughput" : 6.6187177337510485,
    "receivedKBytesPerSec" : 5.533825439593169,
    "sentKBytesPerSec" : 2.4204211228103074
  },
  "Total" : {
    "transaction" : "Total",
    "sampleCount" : 2700,
    "errorCount" : 774,
    "errorPct" : 28.666666,
    "meanResTime" : 4716.612592592593,
    "medianResTime" : 2014.5,
    "minResTime" : 0.0,
    "maxResTime" : 28208.0,
    "pct1ResTime" : 13317.6,
    "pct2ResTime" : 15136.299999999997,
    "pct3ResTime" : 18047.889999999978,
    "throughput" : 43.249823797014166,
    "receivedKBytesPerSec" : 1272.0881486722706,
    "sentKBytesPerSec" : 13.568130486320241
  },
  "/api/studentAttendancebystudentid/ST001-70" : {
    "transaction" : "/api/studentAttendancebystudentid/ST001-70",
    "sampleCount" : 300,
    "errorCount" : 104,
    "errorPct" : 34.666668,
    "meanResTime" : 4449.0466666666625,
    "medianResTime" : 1826.5,
    "minResTime" : 1.0,
    "maxResTime" : 19889.0,
    "pct1ResTime" : 13600.8,
    "pct2ResTime" : 14511.25,
    "pct3ResTime" : 15716.96,
    "throughput" : 5.496921723834653,
    "receivedKBytesPerSec" : 6.009216219125623,
    "sentKBytesPerSec" : 1.6912875794763265
  },
  "/api/auth/login-61" : {
    "transaction" : "/api/auth/login-61",
    "sampleCount" : 300,
    "errorCount" : 9,
    "errorPct" : 3.0,
    "meanResTime" : 7073.049999999997,
    "medianResTime" : 7263.0,
    "minResTime" : 59.0,
    "maxResTime" : 16605.0,
    "pct1ResTime" : 13252.500000000004,
    "pct2ResTime" : 15119.15,
    "pct3ResTime" : 16230.04,
    "throughput" : 7.793219898688141,
    "receivedKBytesPerSec" : 3.582293560852059,
    "sentKBytesPerSec" : 3.919441648266009
  },
  "/api/auth/login-62" : {
    "transaction" : "/api/auth/login-62",
    "sampleCount" : 300,
    "errorCount" : 151,
    "errorPct" : 50.333332,
    "meanResTime" : 2934.8266666666664,
    "medianResTime" : 1213.5,
    "minResTime" : 1.0,
    "maxResTime" : 15222.0,
    "pct1ResTime" : 8910.100000000002,
    "pct2ResTime" : 10802.599999999999,
    "pct3ResTime" : 14784.800000000003,
    "throughput" : 7.051523128995863,
    "receivedKBytesPerSec" : 10.541797536080294,
    "sentKBytesPerSec" : 1.9035669321761002
  },
  "/api/collegeannouncement-67" : {
    "transaction" : "/api/collegeannouncement-67",
    "sampleCount" : 300,
    "errorCount" : 123,
    "errorPct" : 41.0,
    "meanResTime" : 4471.07333333333,
    "medianResTime" : 1757.5,
    "minResTime" : 3.0,
    "maxResTime" : 25915.0,
    "pct1ResTime" : 12723.100000000004,
    "pct2ResTime" : 13609.5,
    "pct3ResTime" : 15138.98,
    "throughput" : 5.319903532415945,
    "receivedKBytesPerSec" : 28.78452257190736,
    "sentKBytesPerSec" : 1.431438496373599
  },
  "/api/timetabledataa/ghj-78" : {
    "transaction" : "/api/timetabledataa/ghj-78",
    "sampleCount" : 300,
    "errorCount" : 71,
    "errorPct" : 23.666666,
    "meanResTime" : 3606.280000000004,
    "medianResTime" : 928.5,
    "minResTime" : 1.0,
    "maxResTime" : 21001.0,
    "pct1ResTime" : 12645.7,
    "pct2ResTime" : 13876.5,
    "pct3ResTime" : 19861.93000000003,
    "throughput" : 6.565844477030487,
    "receivedKBytesPerSec" : 5.39553399465978,
    "sentKBytesPerSec" : 0.7566751042327811
  },
  "/api/event/ST001-68" : {
    "transaction" : "/api/event/ST001-68",
    "sampleCount" : 300,
    "errorCount" : 97,
    "errorPct" : 32.333332,
    "meanResTime" : 4174.199999999996,
    "medianResTime" : 4018.0,
    "minResTime" : 0.0,
    "maxResTime" : 19902.0,
    "pct1ResTime" : 9374.300000000001,
    "pct2ResTime" : 12461.95,
    "pct3ResTime" : 16245.670000000016,
    "throughput" : 5.17294892575094,
    "receivedKBytesPerSec" : 27.5026262145653,
    "sentKBytesPerSec" : 1.5679322699330964
  },
  "/api/collegestudent/ST001-63" : {
    "transaction" : "/api/collegestudent/ST001-63",
    "sampleCount" : 300,
    "errorCount" : 30,
    "errorPct" : 10.0,
    "meanResTime" : 10129.649999999996,
    "medianResTime" : 10332.5,
    "minResTime" : 2.0,
    "maxResTime" : 28208.0,
    "pct1ResTime" : 17680.600000000002,
    "pct2ResTime" : 18509.199999999997,
    "pct3ResTime" : 22869.81,
    "throughput" : 5.067054014795798,
    "receivedKBytesPerSec" : 1257.3766211933755,
    "sentKBytesPerSec" : 2.072956209041313
  }
}