{
  "/api/getevents/ST001-73" : {
    "transaction" : "/api/getevents/ST001-73",
    "sampleCount" : 100,
    "errorCount" : 0,
    "errorPct" : 0.0,
    "meanResTime" : 202.35,
    "medianResTime" : 181.0,
    "minResTime" : 16.0,
    "maxResTime" : 968.0,
    "pct1ResTime" : 352.8,
    "pct2ResTime" : 524.8999999999997,
    "pct3ResTime" : 967.1499999999995,
    "throughput" : 2.330241879107051,
    "receivedKBytesPerSec" : 1.022257086848115,
    "sentKBytesPerSec" : 1.1349916402572586
  },
  "/api/studentAttendancebystudentid/ST001-70" : {
    "transaction" : "/api/studentAttendancebystudentid/ST001-70",
    "sampleCount" : 100,
    "errorCount" : 0,
    "errorPct" : 0.0,
    "meanResTime" : 176.69999999999993,
    "medianResTime" : 84.5,
    "minResTime" : 13.0,
    "maxResTime" : 723.0,
    "pct1ResTime" : 379.6000000000001,
    "pct2ResTime" : 590.6999999999992,
    "pct3ResTime" : 722.6999999999998,
    "throughput" : 2.313850710352168,
    "receivedKBytesPerSec" : 1.5198203005692072,
    "sentKBytesPerSec" : 1.0976329307233097
  },
  "/api/examstatus/ST001-554" : {
    "transaction" : "/api/examstatus/ST001-554",
    "sampleCount" : 100,
    "errorCount" : 0,
    "errorPct" : 0.0,
    "meanResTime" : 171.01000000000002,
    "medianResTime" : 75.5,
    "minResTime" : 39.0,
    "maxResTime" : 750.0,
    "pct1ResTime" : 386.9000000000001,
    "pct2ResTime" : 517.95,
    "pct3ResTime" : 749.3899999999996,
    "throughput" : 2.3448858040613425,
    "receivedKBytesPerSec" : 5.04182506858791,
    "sentKBytesPerSec" : 1.0711365075270833
  },
  "/api/collegestudent/ST001-558" : {
    "transaction" : "/api/collegestudent/ST001-558",
    "sampleCount" : 100,
    "errorCount" : 0,
    "errorPct" : 0.0,
    "meanResTime" : 189.09999999999997,
    "medianResTime" : 76.5,
    "minResTime" : 39.0,
    "maxResTime" : 1328.0,
    "pct1ResTime" : 408.20000000000016,
    "pct2ResTime" : 706.5999999999995,
    "pct3ResTime" : 1327.3199999999997,
    "throughput" : 2.375466185238853,
    "receivedKBytesPerSec" : 39.568307272489726,
    "sentKBytesPerSec" : 1.0943846948713685
  },
  "/api/timetabledataa/ghj-78" : {
    "transaction" : "/api/timetabledataa/ghj-78",
    "sampleCount" : 100,
    "errorCount" : 0,
    "errorPct" : 0.0,
    "meanResTime" : 202.22999999999996,
    "medianResTime" : 241.0,
    "minResTime" : 39.0,
    "maxResTime" : 746.0,
    "pct1ResTime" : 375.20000000000005,
    "pct2ResTime" : 488.74999999999926,
    "pct3ResTime" : 744.8799999999994,
    "throughput" : 2.329590457997484,
    "receivedKBytesPerSec" : 1.0351207601453665,
    "sentKBytesPerSec" : 0.3526690554675488
  },
  "/api/collegeexambysectionid/ghj-555" : {
    "transaction" : "/api/collegeexambysectionid/ghj-555",
    "sampleCount" : 100,
    "errorCount" : 2,
    "errorPct" : 2.0,
    "meanResTime" : 189.23999999999995,
    "medianResTime" : 143.0,
    "minResTime" : 38.0,
    "maxResTime" : 657.0,
    "pct1ResTime" : 363.70000000000005,
    "pct2ResTime" : 464.0499999999998,
    "pct3ResTime" : 656.1799999999996,
    "throughput" : 2.3446658851113713,
    "receivedKBytesPerSec" : 2.5032055978898007,
    "sentKBytesPerSec" : 1.0922387895662369
  },
  "/api/collegestudent/ST001-63" : {
    "transaction" : "/api/collegestudent/ST001-63",
    "sampleCount" : 100,
    "errorCount" : 0,
    "errorPct" : 0.0,
    "meanResTime" : 188.14000000000001,
    "medianResTime" : 81.5,
    "minResTime" : 38.0,
    "maxResTime" : 1860.0,
    "pct1ResTime" : 458.9000000000002,
    "pct2ResTime" : 695.95,
    "pct3ResTime" : 1856.129999999998,
    "throughput" : 2.2746917792639096,
    "receivedKBytesPerSec" : 37.88970090646467,
    "sentKBytesPerSec" : 1.0479576111186932
  },
  "/api/collegestudent/ST001-556" : {
    "transaction" : "/api/collegestudent/ST001-556",
    "sampleCount" : 100,
    "errorCount" : 0,
    "errorPct" : 0.0,
    "meanResTime" : 233.74999999999997,
    "medianResTime" : 144.0,
    "minResTime" : 39.0,
    "maxResTime" : 3732.0,
    "pct1ResTime" : 461.5,
    "pct2ResTime" : 583.9499999999998,
    "pct3ResTime" : 3703.3699999999853,
    "throughput" : 2.3568785500483163,
    "receivedKBytesPerSec" : 39.25869172617785,
    "sentKBytesPerSec" : 1.0858213132527281
  },
  "/api/collegebirthdaystudent/ghj-76" : {
    "transaction" : "/api/collegebirthdaystudent/ghj-76",
    "sampleCount" : 100,
    "errorCount" : 0,
    "errorPct" : 0.0,
    "meanResTime" : 156.74000000000004,
    "medianResTime" : 74.5,
    "minResTime" : 41.0,
    "maxResTime" : 895.0,
    "pct1ResTime" : 344.9000000000001,
    "pct2ResTime" : 455.74999999999994,
    "pct3ResTime" : 891.0199999999979,
    "throughput" : 2.3288851626726284,
    "receivedKBytesPerSec" : 1.3251447547683923,
    "sentKBytesPerSec" : 1.0848875002911107
  },
  "/api/collegestudent/ST001-553" : {
    "transaction" : "/api/collegestudent/ST001-553",
    "sampleCount" : 100,
    "errorCount" : 0,
    "errorPct" : 0.0,
    "meanResTime" : 207.37000000000012,
    "medianResTime" : 78.0,
    "minResTime" : 38.0,
    "maxResTime" : 1771.0,
    "pct1ResTime" : 475.10000000000025,
    "pct2ResTime" : 597.2999999999994,
    "pct3ResTime" : 1764.0999999999965,
    "throughput" : 2.3448858040613425,
    "receivedKBytesPerSec" : 39.05892771303287,
    "sentKBytesPerSec" : 1.080296217699198
  },
  "/api/createstatus-559" : {
    "transaction" : "/api/createstatus-559",
    "sampleCount" : 100,
    "errorCount" : 0,
    "errorPct" : 0.0,
    "meanResTime" : 29.889999999999986,
    "medianResTime" : 15.0,
    "minResTime" : 10.0,
    "maxResTime" : 288.0,
    "pct1ResTime" : 26.700000000000017,
    "pct2ResTime" : 227.74999999999994,
    "pct3ResTime" : 287.51999999999975,
    "throughput" : 2.3644015699626424,
    "receivedKBytesPerSec" : 1.0713694613893225,
    "sentKBytesPerSec" : 1.1937457145221546
  },
  "Total" : {
    "transaction" : "Total",
    "sampleCount" : 1800,
    "errorCount" : 4,
    "errorPct" : 0.22222222,
    "meanResTime" : 193.91722222222245,
    "medianResTime" : 103.5,
    "minResTime" : 10.0,
    "maxResTime" : 3732.0,
    "pct1ResTime" : 426.8000000000002,
    "pct2ResTime" : 540.9499999999998,
    "pct3ResTime" : 844.8400000000001,
    "throughput" : 39.29530421114677,
    "receivedKBytesPerSec" : 186.62101486945227,
    "sentKBytesPerSec" : 18.416177521994456
  },
  "/api/auth/login-62" : {
    "transaction" : "/api/auth/login-62",
    "sampleCount" : 100,
    "errorCount" : 2,
    "errorPct" : 2.0,
    "meanResTime" : 408.8699999999999,
    "medianResTime" : 349.5,
    "minResTime" : 169.0,
    "maxResTime" : 999.0,
    "pct1ResTime" : 618.3000000000001,
    "pct2ResTime" : 757.3499999999997,
    "pct3ResTime" : 998.92,
    "throughput" : 2.2428061991163344,
    "receivedKBytesPerSec" : 2.0973742346423845,
    "sentKBytesPerSec" : 1.237310623051562
  },
  "/api/collegeexambyexamid/Exam%20-%202-562" : {
    "transaction" : "/api/collegeexambyexamid/Exam%20-%202-562",
    "sampleCount" : 100,
    "errorCount" : 0,
    "errorPct" : 0.0,
    "meanResTime" : 179.77999999999997,
    "medianResTime" : 99.5,
    "minResTime" : 14.0,
    "maxResTime" : 740.0,
    "pct1ResTime" : 456.5000000000001,
    "pct2ResTime" : 557.2999999999998,
    "pct3ResTime" : 739.4499999999997,
    "throughput" : 2.376425855513308,
    "receivedKBytesPerSec" : 2.5412903992395437,
    "sentKBytesPerSec" : 1.1406844106463878
  },
  "Exam Module" : {
    "transaction" : "Exam Module",
    "sampleCount" : 100,
    "errorCount" : 2,
    "errorPct" : 2.0,
    "meanResTime" : 1798.8100000000002,
    "medianResTime" : 1402.0,
    "minResTime" : 478.0,
    "maxResTime" : 8417.0,
    "pct1ResTime" : 3048.100000000001,
    "pct2ResTime" : 4276.399999999994,
    "pct3ResTime" : 8380.929999999982,
    "throughput" : 2.3080296351005147,
    "receivedKBytesPerSec" : 132.2872429431994,
    "sentKBytesPerSec" : 11.394453804786854
  },
  "/api/collegeannouncement-67" : {
    "transaction" : "/api/collegeannouncement-67",
    "sampleCount" : 100,