{
  "/api/getevents/ST001-73" : {
    "transaction" : "/api/getevents/ST001-73",
    "sampleCount" : 100,
    "errorCount" : 0,
    "errorPct" : 0.0,
    "meanResTime" : 172.81999999999996,
    "medianResTime" : 245.0,
    "minResTime" : 35.0,
    "maxResTime" : 485.0,
    "pct1ResTime" : 267.0,
    "pct2ResTime" : 297.39999999999986,
    "pct3ResTime" : 484.87999999999994,
    "throughput" : 3.622138510576644,
    "receivedKBytesPerSec" : 1.5868433176072152,
    "sentKBytesPerSec" : 1.7524924840625906
  },
  "/api/collegebirthdaystudent/ghj-76" : {
    "transaction" : "/api/collegebirthdaystudent/ghj-76",
    "sampleCount" : 100,
    "errorCount" : 0,
    "errorPct" : 0.0,
    "meanResTime" : 162.84000000000003,
    "medianResTime" : 240.0,
    "minResTime" : 37.0,
    "maxResTime" : 488.0,
    "pct1ResTime" : 267.9,
    "pct2ResTime" : 289.74999999999994,
    "pct3ResTime" : 486.2899999999991,
    "throughput" : 3.6799882240376833,
    "receivedKBytesPerSec" : 1.8579628045190255,
    "sentKBytesPerSec" : 1.7035757985574447
  },
  "Total" : {
    "transaction" : "Total",
    "sampleCount" : 900,
    "errorCount" : 0,
    "errorPct" : 0.0,
    "meanResTime" : 158.39555555555546,
    "medianResTime" : 83.5,
    "minResTime" : 17.0,
    "maxResTime" : 865.0,
    "pct1ResTime" : 279.9,
    "pct2ResTime" : 305.94999999999993,
    "pct3ResTime" : 486.99,
    "throughput" : 30.002000133342225,
    "receivedKBytesPerSec" : 60.03808457022134,
    "sentKBytesPerSec" : 13.250297415661043
  },
  "/api/studentAttendancebystudentid/ST001-70" : {
    "transaction" : "/api/studentAttendancebystudentid/ST001-70",
    "sampleCount" : 100,
    "errorCount" : 0,
    "errorPct" : 0.0,
    "meanResTime" : 140.94000000000008,
    "medianResTime" : 41.0,
    "minResTime" : 17.0,
    "maxResTime" : 865.0,
    "pct1ResTime" : 283.6,
    "pct2ResTime" : 306.69999999999993,
    "pct3ResTime" : 861.079999999998,
    "throughput" : 3.6220073164547792,
    "receivedKBytesPerSec" : 2.4476492606577565,
    "sentKBytesPerSec" : 1.7064464938969175
  },
  "/api/auth/login-61" : {
    "transaction" : "/api/auth/login-61",
    "sampleCount" : 100,
    "errorCount" : 0,
    "errorPct" : 0.0,
    "meanResTime" : 99.36000000000001,
    "medianResTime" : 57.5,
    "minResTime" : 46.0,
    "maxResTime" : 602.0,
    "pct1ResTime" : 198.80000000000007,
    "pct2ResTime" : 364.29999999999916,
    "pct3ResTime" : 601.8399999999999,
    "throughput" : 3.3937419398628927,
    "receivedKBytesPerSec" : 1.5411035176135206,
    "sentKBytesPerSec" : 1.7068135732708885
  },
  "/api/auth/login-62" : {
    "transaction" : "/api/auth/login-62",
    "sampleCount" : 100,
    "errorCount" : 0,
    "errorPct" : 0.0,
    "meanResTime" : 281.1000000000001,
    "medianResTime" : 260.0,
    "minResTime" : 44.0,
    "maxResTime" : 690.0,
    "pct1ResTime" : 306.9,
    "pct2ResTime" : 478.69999999999993,
    "pct3ResTime" : 689.4699999999997,
    "throughput" : 3.4324157341937256,
    "receivedKBytesPerSec" : 3.157487278609185,
    "sentKBytesPerSec" : 1.8649682287018603
  },
  "/api/collegeannouncement-67" : {
    "transaction" : "/api/collegeannouncement-67",
    "sampleCount" : 100,
    "errorCount" : 0,
    "errorPct" : 0.0,
    "meanResTime" : 175.92999999999992,
    "medianResTime" : 247.5,
    "minResTime" : 36.0,
    "maxResTime" : 487.0,
    "pct1ResTime" : 291.9000000000001,
    "pct2ResTime" : 312.29999999999984,
    "pct3ResTime" : 486.95,
    "throughput" : 3.564554074285307,
    "receivedKBytesPerSec" : 27.583521957653097,
    "sentKBytesPerSec" : 1.6256315944250375
  },
  "/api/timetabledataa/ghj-78" : {
    "transaction" : "/api/timetabledataa/ghj-78",
    "sampleCount" : 100,
    "errorCount" : 0,
    "errorPct" : 0.0,
    "meanResTime" : 150.86999999999998,
    "medianResTime" : 44.5,
    "minResTime" : 34.0,
    "maxResTime" : 847.0,
    "pct1ResTime" : 268.6,
    "pct2ResTime" : 293.0,
    "pct3ResTime" : 841.5999999999972,
    "throughput" : 3.6801236521547125,
    "receivedKBytesPerSec" : 1.6352111930960882,
    "sentKBytesPerSec" : 0.5464121094468775
  },
  "/api/event/ST001-68" : {
    "transaction" : "/api/event/ST001-68",
    "sampleCount" : 100,
    "errorCount" : 0,
    "errorPct" : 0.0,
    "meanResTime" : 183.32999999999996,
    "medianResTime" : 246.0,
    "minResTime" : 32.0,
    "maxResTime" : 489.0,
    "pct1ResTime" : 302.5,
    "pct2ResTime" : 467.84999999999997,
    "pct3ResTime" : 488.91999999999996,
    "throughput" : 3.510742873191967,
    "receivedKBytesPerSec" : 2.1642838413670833,
    "sentKBytesPerSec" : 1.575171587557927
  },
  "/api/collegestudent/ST001-63" : {
    "transaction" : "/api/collegestudent/ST001-63",
    "sampleCount" : 100,
    "errorCount" : 0,
    "errorPct" : 0.0,
    "meanResTime" : 58.36999999999998,
    "medianResTime" : 37.0,
    "minResTime" : 33.0,
    "maxResTime" : 450.0,
    "pct1ResTime" : 66.70000000000007,
    "pct2ResTime" : 251.69999999999993,
    "pct3ResTime" : 448.70999999999935,
    "throughput" : 3.459848458637512,
    "receivedKBytesPerSec" : 21.514648674013078,
    "sentKBytesPerSec" : 1.582745519496246
  }
}