{
  "/api/getevents/ST001-73" : {
    "transaction" : "/api/getevents/ST001-73",
    "sampleCount" : 300,
    "errorCount" : 110,
    "errorPct" : 36.666668,
    "meanResTime" : 2533.4766666666646,
    "medianResTime" : 524.5,
    "minResTime" : 0.0,
    "maxResTime" : 13630.0,
    "pct1ResTime" : 8129.30000000001,
    "pct2ResTime" : 11165.5,
    "pct3ResTime" : 12115.99,
    "throughput" : 5.255965520866183,
    "receivedKBytesPerSec" : 5.507694103901678,
    "sentKBytesPerSec" : 1.6038907284768211
  },
  "/api/collegebirthdaystudent/ghj-76" : {
    "transaction" : "/api/collegebirthdaystudent/ghj-76",
    "sampleCount" : 300,
    "errorCount" : 75,
    "errorPct" : 25.0,
    "meanResTime" : 2162.3133333333344,
    "medianResTime" : 825.0,
    "minResTime" : 1.0,
    "maxResTime" : 12614.0,
    "pct1ResTime" : 6428.9,
    "pct2ResTime" : 8200.499999999998,
    "pct3ResTime" : 11813.010000000006,
    "throughput" : 5.384353069978642,
    "receivedKBytesPerSec" : 4.756196072338784,
    "sentKBytesPerSec" : 1.8928139358274854
  },
  "Total" : {
    "transaction" : "Total",
    "sampleCount" : 2700,
    "errorCount" : 619,
    "errorPct" : 22.925926,
    "meanResTime" : 3606.015185185191,
    "medianResTime" : 2758.5,
    "minResTime" : 0.0,
    "maxResTime" : 24834.0,
    "pct1ResTime" : 8756.9,
    "pct2ResTime" : 10878.149999999998,
    "pct3ResTime" : 12777.96,
    "throughput" : 41.902042336582035,
    "receivedKBytesPerSec" : 1005.241301688885,
    "sentKBytesPerSec" : 14.238464935168228
  },
  "/api/studentAttendancebystudentid/ST001-70" : {
    "transaction" : "/api/studentAttendancebystudentid/ST001-70",
    "sampleCount" : 300,
    "errorCount" : 58,
    "errorPct" : 19.333334,
    "meanResTime" : 3328.5266666666653,
    "medianResTime" : 3141.0,
    "minResTime" : 1.0,
    "maxResTime" : 24139.0,
    "pct1ResTime" : 7322.800000000001,
    "pct2ResTime" : 8755.85,
    "pct3ResTime" : 12069.350000000002,
    "throughput" : 4.982974835977078,
    "receivedKBytesPerSec" : 4.378626930902749,
    "sentKBytesPerSec" : 1.8930113777925421
  },
  "/api/auth/login-61" : {
    "transaction" : "/api/auth/login-61",
    "sampleCount" : 300,
    "errorCount" : 5,
    "errorPct" : 1.6666666,
    "meanResTime" : 5389.2333333333345,
    "medianResTime" : 4836.5,
    "minResTime" : 57.0,
    "maxResTime" : 12427.0,
    "pct1ResTime" : 10624.2,
    "pct2ResTime" : 11265.349999999999,
    "pct3ResTime" : 12132.52,
    "throughput" : 5.718860802928057,
    "receivedKBytesPerSec" : 2.6146289055053566,
    "sentKBytesPerSec" : 2.876184876472607
  },
  "/api/auth/login-62" : {
    "transaction" : "/api/auth/login-62",
    "sampleCount" : 300,
    "errorCount" : 121,
    "errorPct" : 40.333332,
    "meanResTime" : 2602.936666666667,
    "medianResTime" : 1415.0,
    "minResTime" : 1.0,
    "maxResTime" : 12653.0,
    "pct1ResTime" : 7189.000000000005,
    "pct2ResTime" : 9127.749999999998,
    "pct3ResTime" : 12216.830000000002,
    "throughput" : 5.3765367934334565,
    "receivedKBytesPerSec" : 7.450108818864475,
    "sentKBytesPerSec" : 1.7438041014014838
  },
  "/api/collegeannouncement-67" : {
    "transaction" : "/api/collegeannouncement-67",
    "sampleCount" : 300,
    "errorCount" : 93,
    "errorPct" : 31.0,
    "meanResTime" : 3122.6833333333316,
    "medianResTime" : 1921.5,
    "minResTime" : 1.0,
    "maxResTime" : 24134.0,
    "pct1ResTime" : 7282.6,
    "pct2ResTime" : 11015.749999999993,
    "pct3ResTime" : 12968.97,
    "throughput" : 4.986702127659575,
    "receivedKBytesPerSec" : 29.812492208277927,
    "sentKBytesPerSec" : 1.569204127534907
  },
  "/api/timetabledataa/ghj-78" : {
    "transaction" : "/api/timetabledataa/ghj-78",
    "sampleCount" : 300,
    "errorCount" : 63,
    "errorPct" : 21.0,
    "meanResTime" : 3293.7266666666656,
    "medianResTime" : 2584.5,
    "minResTime" : 2.0,
    "maxResTime" : 13001.0,
    "pct1ResTime" : 7787.8,
    "pct2ResTime" : 10857.39999999999,
    "pct3ResTime" : 12220.720000000001,
    "throughput" : 5.260758250622523,
    "receivedKBytesPerSec" : 4.135243682706133,
    "sentKBytesPerSec" : 0.625674034650861
  },
  "/api/event/ST001-68" : {
    "transaction" : "/api/event/ST001-68",
    "sampleCount" : 300,
    "errorCount" : 66,
    "errorPct" : 22.0,
    "meanResTime" : 3815.929999999998,
    "medianResTime" : 3214.5,
    "minResTime" : 0.0,
    "maxResTime" : 12774.0,
    "pct1ResTime" : 7882.400000000002,
    "pct2ResTime" : 10945.149999999998,
    "pct3ResTime" : 12764.96,
    "throughput" : 4.838241460503823,
    "receivedKBytesPerSec" : 24.417921123560625,
    "sentKBytesPerSec" : 1.6839978187594749
  },
  "/api/collegestudent/ST001-63" : {
    "transaction" : "/api/collegestudent/ST001-63",
    "sampleCount" : 300,
    "errorCount" : 28,
    "errorPct" : 9.333333,
    "meanResTime" : 6205.309999999999,
    "medianResTime" : 6052.5,
    "minResTime" : 5.0,
    "maxResTime" : 24834.0,
    "pct1ResTime" : 10984.400000000001,
    "pct2ResTime" : 13159.0,
    "pct3ResTime" : 14916.020000000002,
    "throughput" : 4.894682742980209,
    "receivedKBytesPerSec" : 976.2361718839227,
    "sentKBytesPerSec" : 2.0200604238387365
  }
}