{
  "/api/getevents/ST001-73" : {
    "transaction" : "/api/getevents/ST001-73",
    "sampleCount" : 200,
    "errorCount" : 0,
    "errorPct" : 0.0,
    "meanResTime" : 1420.76,
    "medianResTime" : 1574.0,
    "minResTime" : 40.0,
    "maxResTime" : 4974.0,
    "pct1ResTime" : 2494.4,
    "pct2ResTime" : 3497.7499999999955,
    "pct3ResTime" : 4290.010000000001,
    "throughput" : 4.123031252576895,
    "receivedKBytesPerSec" : 1.8043294727158405,
    "sentKBytesPerSec" : 1.9958048157005028
  },
  "/api/collegebirthdaystudent/ghj-76" : {
    "transaction" : "/api/collegebirthdaystudent/ghj-76",
    "sampleCount" : 200,
    "errorCount" : 0,
    "errorPct" : 0.0,
    "meanResTime" : 1384.1350000000007,
    "medianResTime" : 1346.0,
    "minResTime" : 40.0,
    "maxResTime" : 4629.0,
    "pct1ResTime" : 3122.200000000001,
    "pct2ResTime" : 3702.2999999999997,
    "pct3ResTime" : 4041.750000000002,
    "throughput" : 4.200886387027663,
    "receivedKBytesPerSec" : 2.1195194842361738,
    "sentKBytesPerSec" : 1.9446329738074732
  },
  "Total" : {
    "transaction" : "Total",
    "sampleCount" : 1800,
    "errorCount" : 2,
    "errorPct" : 0.11111111,
    "meanResTime" : 1679.5199999999993,
    "medianResTime" : 1585.5,
    "minResTime" : 39.0,
    "maxResTime" : 11812.0,
    "pct1ResTime" : 3488.8,
    "pct2ResTime" : 3816.0,
    "pct3ResTime" : 4707.99,
    "throughput" : 34.3957807842238,
    "receivedKBytesPerSec" : 59.3582126495261,
    "sentKBytesPerSec" : 15.195239349250937
  },
  "/api/studentAttendancebystudentid/ST001-70" : {
    "transaction" : "/api/studentAttendancebystudentid/ST001-70",
    "sampleCount" : 200,
    "errorCount" : 0,
    "errorPct" : 0.0,
    "meanResTime" : 1959.5850000000003,
    "medianResTime" : 1645.0,
    "minResTime" : 42.0,
    "maxResTime" : 4954.0,
    "pct1ResTime" : 4072.2000000000003,
    "pct2ResTime" : 4632.95,
    "pct3ResTime" : 4811.970000000001,
    "throughput" : 4.037630718294505,
    "receivedKBytesPerSec" : 2.734134477076352,
    "sentKBytesPerSec" : 1.9032066358460855
  },
  "/api/auth/login-61" : {
    "transaction" : "/api/auth/login-61",
    "sampleCount" : 200,
    "errorCount" : 2,
    "errorPct" : 1.0,
    "meanResTime" : 1347.9400000000005,
    "medianResTime" : 1132.0,
    "minResTime" : 63.0,
    "maxResTime" : 4668.0,
    "pct1ResTime" : 2533.6000000000004,
    "pct2ResTime" : 3401.1,
    "pct3ResTime" : 4440.750000000002,
    "throughput" : 4.169185549602886,
    "receivedKBytesPerSec" : 1.9009694659273313,
    "sentKBytesPerSec" : 2.096807185591295
  },
  "/api/auth/login-62" : {
    "transaction" : "/api/auth/login-62",
    "sampleCount" : 200,
    "errorCount" : 0,
    "errorPct" : 0.0,
    "meanResTime" : 1864.05,
    "medianResTime" : 1752.0,
    "minResTime" : 263.0,
    "maxResTime" : 4629.0,
    "pct1ResTime" : 3302.6,
    "pct2ResTime" : 3774.6499999999996,
    "pct3ResTime" : 4487.6600000000035,
    "throughput" : 4.052520667855406,
    "receivedKBytesPerSec" : 3.739360550230994,
    "sentKBytesPerSec" : 2.202964482189172
  },
  "/api/collegeannouncement-67" : {
    "transaction" : "/api/collegeannouncement-67",
    "sampleCount" : 200,
    "errorCount" : 0,
    "errorPct" : 0.0,
    "meanResTime" : 1581.7350000000006,
    "medianResTime" : 1656.0,
    "minResTime" : 44.0,
    "maxResTime" : 8917.0,
    "pct1ResTime" : 2677.5,
    "pct2ResTime" : 3709.95,
    "pct3ResTime" : 8877.990000000029,
    "throughput" : 4.096765603555992,
    "receivedKBytesPerSec" : 31.701924455642267,
    "sentKBytesPerSec" : 1.8683491570904769
  },
  "/api/timetabledataa/ghj-78" : {
    "transaction" : "/api/timetabledataa/ghj-78",
    "sampleCount" : 200,
    "errorCount" : 0,
    "errorPct" : 0.0,
    "meanResTime" : 1561.8599999999997,
    "medianResTime" : 1306.5,
    "minResTime" : 52.0,
    "maxResTime" : 7458.0,
    "pct1ResTime" : 3716.8,
    "pct2ResTime" : 3824.75,
    "pct3ResTime" : 4644.99,
    "throughput" : 4.122521334047904,
    "receivedKBytesPerSec" : 1.830355187420126,
    "sentKBytesPerSec" : 0.6120172785175413
  },
  "/api/event/ST001-68" : {
    "transaction" : "/api/event/ST001-68",
    "sampleCount" : 200,
    "errorCount" : 0,
    "errorPct" : 0.0,
    "meanResTime" : 2100.8499999999995,
    "medianResTime" : 1897.5,
    "minResTime" : 65.0,
    "maxResTime" : 11812.0,
    "pct1ResTime" : 3754.2000000000003,
    "pct2ResTime" : 4646.95,
    "pct3ResTime" : 11756.220000000048,
    "throughput" : 4.090314136125654,
    "receivedKBytesPerSec" : 2.2893576097738055,
    "sentKBytesPerSec" : 1.8361675801701571
  },
  "/api/collegestudent/ST001-63" : {
    "transaction" : "/api/collegestudent/ST001-63",
    "sampleCount" : 200,
    "errorCount" : 0,
    "errorPct" : 0.0,
    "meanResTime" : 1894.7650000000003,
    "medianResTime" : 1807.5,
    "minResTime" : 39.0,
    "maxResTime" : 7459.0,
    "pct1ResTime" : 3479.4000000000005,
    "pct2ResTime" : 3793.1,
    "pct3ResTime" : 4838.760000000004,
    "throughput" : 4.051863857374392,
    "receivedKBytesPerSec" : 15.363409453504863,
    "sentKBytesPerSec" : 1.854519094408428
  }
}