{
  "/api/getevents/ST001-73" : {
    "transaction" : "/api/getevents/ST001-73",
    "sampleCount" : 200,
    "errorCount" : 91,
    "errorPct" : 45.5,
    "meanResTime" : 1639.5899999999992,
    "medianResTime" : 972.5,
    "minResTime" : 2.0,
    "maxResTime" : 19768.0,
    "pct1ResTime" : 2849.2000000000003,
    "pct2ResTime" : 3413.249999999995,
    "pct3ResTime" : 19694.990000000005,
    "throughput" : 7.433286255853713,
    "receivedKBytesPerSec" : 8.64083231899948,
    "sentKBytesPerSec" : 2.0096368491228724
  },
  "/api/studentAttendancebystudentid/ST001-70" : {
    "transaction" : "/api/studentAttendancebystudentid/ST001-70",
    "sampleCount" : 200,
    "errorCount" : 82,
    "errorPct" : 41.0,
    "meanResTime" : 2641.225,
    "medianResTime" : 1284.5,
    "minResTime" : 1.0,
    "maxResTime" : 32616.0,
    "pct1ResTime" : 8613.2,
    "pct2ResTime" : 9250.849999999999,
    "pct3ResTime" : 32462.750000000124,
    "throughput" : 4.812782750986621,
    "receivedKBytesPerSec" : 5.8355460854028305,
    "sentKBytesPerSec" : 1.3815600484887862
  },
  "/api/examstatus/ST001-554" : {
    "transaction" : "/api/examstatus/ST001-554",
    "sampleCount" : 200,
    "errorCount" : 89,
    "errorPct" : 44.5,
    "meanResTime" : 758.9450000000004,
    "medianResTime" : 930.0,
    "minResTime" : 1.0,
    "maxResTime" : 2108.0,
    "pct1ResTime" : 1707.5000000000002,
    "pct2ResTime" : 1888.95,
    "pct3ResTime" : 2102.6900000000005,
    "throughput" : 23.180343069077423,
    "receivedKBytesPerSec" : 49.74300152845387,
    "sentKBytesPerSec" : 5.877711013560501
  },
  "/api/collegestudent/ST001-558" : {
    "transaction" : "/api/collegestudent/ST001-558",
    "sampleCount" : 200,
    "errorCount" : 65,
    "errorPct" : 32.5,
    "meanResTime" : 683.5,
    "medianResTime" : 745.5,
    "minResTime" : 0.0,
    "maxResTime" : 3898.0,
    "pct1ResTime" : 1344.6000000000001,
    "pct2ResTime" : 1475.95,
    "pct3ResTime" : 2054.1500000000015,
    "throughput" : 25.39037704709915,
    "receivedKBytesPerSec" : 234.94318407229912,
    "sentKBytesPerSec" : 7.896308080487495
  },
  "/api/timetabledataa/ghj-78" : {
    "transaction" : "/api/timetabledataa/ghj-78",
    "sampleCount" : 200,
    "errorCount" : 82,
    "errorPct" : 41.0,
    "meanResTime" : 773.505,
    "medianResTime" : 570.5,
    "minResTime" : 1.0,
    "maxResTime" : 3396.0,
    "pct1ResTime" : 1812.4,
    "pct2ResTime" : 2013.6999999999998,
    "pct3ResTime" : 3320.470000000003,
    "throughput" : 19.184652278177456,
    "receivedKBytesPerSec" : 21.192015137889687,
    "sentKBytesPerSec" : 1.6813736510791366
  },
  "/api/collegeexambysectionid/ghj-555" : {
    "transaction" : "/api/collegeexambysectionid/ghj-555",
    "sampleCount" : 200,
    "errorCount" : 86,
    "errorPct" : 43.0,
    "meanResTime" : 524.28,
    "medianResTime" : 340.0,
    "minResTime" : 0.0,
    "maxResTime" : 1758.0,
    "pct1ResTime" : 1282.7,
    "pct2ResTime" : 1522.7999999999995,
    "pct3ResTime" : 1676.5000000000005,
    "throughput" : 23.806689679800023,
    "receivedKBytesPerSec" : 32.375005579692896,
    "sentKBytesPerSec" : 6.344575794548268
  },
  "/api/collegestudent/ST001-63" : {
    "transaction" : "/api/collegestudent/ST001-63",
    "sampleCount" : 200,
    "errorCount" : 74,
    "errorPct" : 37.0,
    "meanResTime" : 8175.450000000002,
    "medianResTime" : 6700.5,
    "minResTime" : 13.0,
    "maxResTime" : 22064.0,
    "pct1ResTime" : 15730.4,
    "pct2ResTime" : 18159.949999999997,
    "pct3ResTime" : 20913.680000000004,
    "throughput" : 3.8661537569349136,
    "receivedKBytesPerSec" : 35.860558254479905,
    "sentKBytesPerSec" : 1.1222228632251454
  },
  "/api/collegestudent/ST001-556" : {
    "transaction" : "/api/collegestudent/ST001-556",
    "sampleCount" : 200,
    "errorCount" : 88,
    "errorPct" : 44.0,
    "meanResTime" : 671.2399999999998,
    "medianResTime" : 779.0,
    "minResTime" : 1.0,
    "maxResTime" : 5519.0,
    "pct1ResTime" : 1340.6,
    "pct2ResTime" : 1501.4499999999996,
    "pct3ResTime" : 3452.390000000016,
    "throughput" : 26.01795238714713,
    "receivedKBytesPerSec" : 242.51259736405618,
    "sentKBytesPerSec" : 6.712326818004422
  },
  "/api/collegebirthdaystudent/ghj-76" : {
    "transaction" : "/api/collegebirthdaystudent/ghj-76",
    "sampleCount" : 200,
    "errorCount" : 84,
    "errorPct" : 42.0,
    "meanResTime" : 712.0550000000003,
    "medianResTime" : 503.0,
    "minResTime" : 0.0,
    "maxResTime" : 2221.0,
    "pct1ResTime" : 1687.3,
    "pct2ResTime" : 2018.4499999999994,
    "pct3ResTime" : 2198.9,
    "throughput" : 23.90057361376673,
    "receivedKBytesPerSec" : 28.29428794962954,
    "sentKBytesPerSec" : 6.433665638444072
  },
  "/api/collegestudent/ST001-553" : {
    "transaction" : "/api/collegestudent/ST001-553",
    "sampleCount" : 200,
    "errorCount" : 82,
    "errorPct" : 41.0,
    "meanResTime" : 878.2449999999999,
    "medianResTime" : 1016.5,
    "minResTime" : 2.0,
    "maxResTime" : 3222.0,
    "pct1ResTime" : 1858.9,
    "pct2ResTime" : 1993.7499999999995,
    "pct3ResTime" : 2356.900000000001,
    "throughput" : 23.22071287588529,
    "receivedKBytesPerSec" : 127.676958159178,
    "sentKBytesPerSec" : 6.313131313131313
  },
  "/api/createstatus-559" : {
    "transaction" : "/api/createstatus-559",
    "sampleCount" : 200,
    "errorCount" : 58,
    "errorPct" : 29.0,
    "meanResTime" : 152.22499999999997,
    "medianResTime" : 73.5,
    "minResTime" : 1.0,
    "maxResTime" : 669.0,
    "pct1ResTime" : 344.9,
    "pct2ResTime" : 446.5999999999999,
    "pct3ResTime" : 652.8200000000002,
    "throughput" : 28.710881424059718,
    "receivedKBytesPerSec" : 26.402655532227964,
    "sentKBytesPerSec" : 10.291897699540625
  },
  "Total" : {
    "transaction" : "Total",
    "sampleCount" : 3600,
    "errorCount" : 1220,
    "errorPct" : 33.88889,
    "meanResTime" : 2850.686111111105,
    "medianResTime" : 746.5,
    "minResTime" : 0.0,
    "maxResTime" : 39751.0,
    "pct1ResTime" : 9086.6,
    "pct2ResTime" : 18165.049999999992,
    "pct3ResTime" : 32305.98,
    "throughput" : 57.927172671247206,
    "receivedKBytesPerSec" : 171.9226912350958,
    "sentKBytesPerSec" : 18.273159932297617
  },
  "/api/auth/login-62" : {
    "transaction" : "/api/auth/login-62",
    "sampleCount" : 200,
    "errorCount" : 2,
    "errorPct" : 1.0,
    "meanResTime" : 17630.454999999998,
    "medianResTime" : 19573.5,
    "minResTime" : 567.0,
    "maxResTime" : 39751.0,
    "pct1ResTime" : 32219.0,
    "pct2ResTime" : 33885.5,
    "pct3ResTime" : 39372.36000000004,
    "throughput" : 3.8169395778464827,
    "receivedKBytesPerSec" : 3.5808596284686436,
    "sentKBytesPerSec" : 2.105709396112447
  },
  "/api/collegeexambyexamid/Exam%20-%202-562" : {
    "transaction" : "/api/collegeexambyexamid/Exam%20-%202-562",
    "sampleCount" : 200,
    "errorCount" : 5,
    "errorPct" : 2.5,
    "meanResTime" : 279.6050000000002,
    "medianResTime" : 219.0,
    "minResTime" : 13.0,
    "maxResTime" : 1267.0,
    "pct1ResTime" : 604.0,
    "pct2ResTime" : 788.5999999999997,
    "pct3ResTime" : 1059.5300000000004,
    "throughput" : 27.624309392265193,
    "receivedKBytesPerSec" : 20.282690564571823,
    "sentKBytesPerSec" : 12.529674551104971
  },
  "Exam Module" : {
    "transaction" : "Exam Module",
    "sampleCount" : 200,
    "errorCount" : 197,
    "errorPct" : 98.5,
    "meanResTime" : 5495.990000000008,
    "medianResTime" : 5249.5,
    "minResTime" : 2441.0,
    "maxResTime" : 9607.0,
    "pct1ResTime" : 7517.8,
    "pct2ResTime" : 8184.0,
    "pct3ResTime" : 9338.590000000002,
    "throughput" : 16.342539630658607,
    "receivedKBytesPerSec" : 527.545478223566,
    "sentKBytesPerSec" : 55.521544063572485
  },
  "/api/collegeannouncement-67" : {
    "transaction" : "/api/collegeannouncement-67",
    "sampleCount" : 200,
    "errorCount" : 93,
    "errorPct" : 46.5,
    "meanResTime" : 7033.694999999997,
    "medianResTime" : 1376.5,
    "minResTime" : 1.0,