{
  "/api/getevents/ST001-73" : {
    "transaction" : "/api/getevents/ST001-73",
    "sampleCount" : 300,
    "errorCount" : 30,
    "errorPct" : 10.0,
    "meanResTime" : 2628.933333333335,
    "medianResTime" : 1857.5,
    "minResTime" : 3.0,
    "maxResTime" : 16481.0,
    "pct1ResTime" : 5708.0,
    "pct2ResTime" : 6800.0,
    "pct3ResTime" : 8468.980000000001,
    "throughput" : 4.482830758196108,
    "receivedKBytesPerSec" : 2.737226383887212,
    "sentKBytesPerSec" : 1.9486013101072892
  },
  "/api/collegebirthdaystudent/ghj-76" : {
    "transaction" : "/api/collegebirthdaystudent/ghj-76",
    "sampleCount" : 300,
    "errorCount" : 25,
    "errorPct" : 8.333333,
    "meanResTime" : 2330.4700000000003,
    "medianResTime" : 1479.5,
    "minResTime" : 4.0,
    "maxResTime" : 8371.0,
    "pct1ResTime" : 5599.300000000005,
    "pct2ResTime" : 6519.249999999996,
    "pct3ResTime" : 7023.530000000001,
    "throughput" : 4.572961602365745,
    "receivedKBytesPerSec" : 2.896238786717071,
    "sentKBytesPerSec" : 1.9433151637501336
  },
  "Total" : {
    "transaction" : "Total",
    "sampleCount" : 2700,
    "errorCount" : 250,
    "errorPct" : 9.259259,
    "meanResTime" : 2817.7933333333317,
    "medianResTime" : 2665.0,
    "minResTime" : 1.0,
    "maxResTime" : 21758.0,
    "pct1ResTime" : 5859.5,
    "pct2ResTime" : 6773.849999999999,
    "pct3ResTime" : 8070.659999999993,
    "throughput" : 37.92454420316319,
    "receivedKBytesPerSec" : 448.52989992573106,
    "sentKBytesPerSec" : 15.214274223424725
  },
  "/api/studentAttendancebystudentid/ST001-70" : {
    "transaction" : "/api/studentAttendancebystudentid/ST001-70",
    "sampleCount" : 300,
    "errorCount" : 33,
    "errorPct" : 11.0,
    "meanResTime" : 2700.0133333333347,
    "medianResTime" : 2651.0,
    "minResTime" : 3.0,
    "maxResTime" : 13511.0,
    "pct1ResTime" : 5622.1,
    "pct2ResTime" : 6592.699999999999,
    "pct3ResTime" : 7772.350000000007,
    "throughput" : 4.4022480813535445,
    "receivedKBytesPerSec" : 3.511065119337608,
    "sentKBytesPerSec" : 1.8425815699884072
  },
  "/api/auth/login-61" : {
    "transaction" : "/api/auth/login-61",
    "sampleCount" : 300,
    "errorCount" : 3,
    "errorPct" : 1.0,
    "meanResTime" : 2738.919999999999,
    "medianResTime" : 2626.0,
    "minResTime" : 101.0,
    "maxResTime" : 7912.0,
    "pct1ResTime" : 4856.100000000002,
    "pct2ResTime" : 5319.45,
    "pct3ResTime" : 7512.980000000005,
    "throughput" : 4.822143281950718,
    "receivedKBytesPerSec" : 2.1986901351003807,
    "sentKBytesPerSec" : 2.425199013871699
  },
  "/api/auth/login-62" : {
    "transaction" : "/api/auth/login-62",
    "sampleCount" : 300,
    "errorCount" : 55,
    "errorPct" : 18.333334,
    "meanResTime" : 2547.1366666666668,
    "medianResTime" : 2404.0,
    "minResTime" : 2.0,
    "maxResTime" : 7969.0,
    "pct1ResTime" : 5407.100000000001,
    "pct2ResTime" : 5982.799999999999,
    "pct3ResTime" : 7738.750000000002,
    "throughput" : 4.481692287007574,
    "receivedKBytesPerSec" : 5.0722632032522155,
    "sentKBytesPerSec" : 1.9898305266735388
  },
  "/api/collegeannouncement-67" : {
    "transaction" : "/api/collegeannouncement-67",
    "sampleCount" : 300,
    "errorCount" : 24,
    "errorPct" : 8.0,
    "meanResTime" : 3226.169999999999,
    "medianResTime" : 3203.5,
    "minResTime" : 3.0,
    "maxResTime" : 21758.0,
    "pct1ResTime" : 6697.300000000006,
    "pct2ResTime" : 6981.15,
    "pct3ResTime" : 8471.610000000004,
    "throughput" : 4.446816079686943,
    "receivedKBytesPerSec" : 32.39092967638296,
    "sentKBytesPerSec" : 1.865752012184276
  },
  "/api/timetabledataa/ghj-78" : {
    "transaction" : "/api/timetabledataa/ghj-78",
    "sampleCount" : 300,
    "errorCount" : 32,
    "errorPct" : 10.666667,
    "meanResTime" : 2286.586666666666,
    "medianResTime" : 1499.5,
    "minResTime" : 2.0,
    "maxResTime" : 7023.0,
    "pct1ResTime" : 5563.6,
    "pct2ResTime" : 6189.849999999999,
    "pct3ResTime" : 6913.860000000001,
    "throughput" : 4.570871360443679,
    "receivedKBytesPerSec" : 2.8176029493547454,
    "sentKBytesPerSec" : 0.60904777798516
  },
  "/api/event/ST001-68" : {
    "transaction" : "/api/event/ST001-68",
    "sampleCount" : 300,
    "errorCount" : 39,
    "errorPct" : 13.0,
    "meanResTime" : 2947.206666666667,
    "medianResTime" : 2927.5,
    "minResTime" : 1.0,
    "maxResTime" : 16485.0,
    "pct1ResTime" : 5478.500000000003,
    "pct2ResTime" : 6130.2,
    "pct3ResTime" : 7907.860000000001,
    "throughput" : 4.387761071783771,
    "receivedKBytesPerSec" : 11.564878417883051,
    "sentKBytesPerSec" : 1.7096271134382495
  },
  "/api/collegestudent/ST001-63" : {
    "transaction" : "/api/collegestudent/ST001-63",
    "sampleCount" : 300,
    "errorCount" : 9,
    "errorPct" : 3.0,
    "meanResTime" : 3954.7033333333325,
    "medianResTime" : 3515.0,
    "minResTime" : 4.0,
    "maxResTime" : 21758.0,
    "pct1ResTime" : 7467.600000000002,
    "pct2ResTime" : 8092.849999999999,
    "pct3ResTime" : 10179.84,
    "throughput" : 4.388274530454625,
    "receivedKBytesPerSec" : 404.9354032275759,
    "sentKBytesPerSec" : 1.9439399071514245
  }
}